date,actual_return,pred_return,residual,abs_error,actual_abs
2022-03-30 04:00:00,-0.04508765111587909,0.045995466,0.09108311752699283,0.09108311752699283,0.04508765111587909
2022-03-31 04:00:00,-0.01905568616988962,0.05119082,0.07024650576117342,0.07024650576117342,0.01905568616988962
2022-04-01 04:00:00,-0.05603152415685475,0.04208165,0.09811317450337231,0.09811317450337231,0.05603152415685475
2022-04-04 04:00:00,-0.1601620341541068,0.038257457,0.19841949147002858,0.19841949147002858,0.1601620341541068
2022-04-05 04:00:00,-0.10046885994086008,0.03426884,0.13473770108828287,0.13473770108828287,0.10046885994086008
2022-04-06 04:00:00,-0.022620416586210723,0.049955435,0.07257585168342828,0.07257585168342828,0.022620416586210723
2022-04-07 04:00:00,-0.07079430075580273,0.060733512,0.13152781279975567,0.13152781279975567,0.07079430075580273
2022-04-08 04:00:00,-0.020889675168140442,0.040590174,0.0614798496643143,0.0614798496643143,0.020889675168140442
2022-04-11 04:00:00,0.05212551848849056,0.031231798,-0.020893720256888848,0.020893720256888848,0.05212551848849056
2022-04-12 04:00:00,-0.009928040082004763,0.018922783,0.028850823516395785,0.028850823516395785,0.009928040082004763
2022-04-13 04:00:00,-0.013381777582843313,0.009910148,0.023291925219972143,0.023291925219972143,0.013381777582843313
2022-04-14 04:00:00,0.020150886199307827,0.0019488335,-0.018202052733731655,0.018202052733731655,0.020150886199307827
2022-04-18 04:00:00,-0.006262775913209673,0.0066314265,0.01289420242640471,0.01289420242640471,0.006262775913209673
2022-04-19 04:00:00,-0.15967089528053613,0.010714494,0.17038538897245736,0.17038538897245736,0.15967089528053613
2022-04-20 04:00:00,-0.10305499472407043,0.012486365,0.11554135941652,0.11554135941652,0.10305499472407043
2022-04-21 04:00:00,-0.13940866032297627,0.016649216,0.1560578767364742,0.1560578767364742,0.13940866032297627
2022-04-22 04:00:00,-0.14342618865297485,0.012135096,0.15556128454731155,0.15556128454731155,0.14342618865297485
2022-04-25 04:00:00,-0.10011719323228707,0.029607676,0.12972486920188775,0.12972486920188775,0.10011719323228707
2022-04-26 04:00:00,0.03677463919794555,0.03226579,-0.004508849391102743,0.004508849391102743,0.03677463919794555
2022-04-27 04:00:00,0.07757975307586396,0.035284992,-0.04229476076843941,0.04229476076843941,0.07757975307586396
2022-04-28 04:00:00,-0.004832126461592701,0.035375416,0.04020754274043181,0.04020754274043181,0.004832126461592701
2022-04-29 04:00:00,-0.005885742180384845,0.038950298,0.04483604016188547,0.04483604016188547,0.005885742180384845
2022-05-02 04:00:00,-0.13728815120528104,0.084487915,0.22177606624434354,0.22177606624434354,0.13728815120528104
2022-05-03 04:00:00,-0.12795841847703837,0.12529197,0.2532503918294706,0.2532503918294706,0.12795841847703837
2022-05-04 04:00:00,-0.26070706082416795,0.14235017,0.40305722786022447,0.40305722786022447,0.26070706082416795
2022-05-05 04:00:00,-0.18195513201964886,0.14776175,0.32971687926066906,0.32971687926066906,0.18195513201964886
2022-05-06 04:00:00,-0.11762272677478602,0.15556233,0.27318505308685115,0.27318505308685115,0.11762272677478602
2022-05-09 04:00:00,-0.08306568649598933,0.15062538,0.2336910643894372,0.2336910643894372,0.08306568649598933
2022-05-10 04:00:00,-0.049227104543981604,0.12475506,0.17398216670685773,0.17398216670685773,0.049227104543981604
2022-05-11 04:00:00,-0.03351172425379545,0.09684653,0.13035825260510236,0.13035825260510236,0.03351172425379545
2022-05-12 04:00:00,-0.025853358465313114,0.07210598,0.09795933987486283,0.09795933987486283,0.025853358465313114
2022-05-13 04:00:00,-0.14772635123031108,0.061962686,0.20968903770940273,0.20968903770940273,0.14772635123031108
2022-05-16 04:00:00,-0.07073780473045321,0.065267414,0.1360052185850522,0.1360052185850522,0.07073780473045321
2022-05-17 04:00:00,-0.19263965320029897,0.07366532,0.26630497407355946,0.26630497407355946,0.19263965320029897
2022-05-18 04:00:00,-0.07457729905198907,0.10622787,0.18080516635726784,0.18080516635726784,0.07457729905198907
2022-05-19 04:00:00,-0.0023850301410650587,0.15354726,0.15593228732604736,0.15593228732604736,0.0023850301410650587
2022-05-20 04:00:00,0.13469994962878218,0.16537187,0.030671915405321215,0.030671915405321215,0.13469994962878218
2022-05-23 04:00:00,0.11646180727950028,0.17566052,0.05919871351250716,0.05919871351250716,0.11646180727950028
2022-05-24 04:00:00,0.16435509282584704,0.191131,0.026775902924580208,0.026775902924580208,0.16435509282584704
2022-05-25 04:00:00,0.1624430426335941,0.21955761,0.05711457050079005,0.05711457050079005,0.1624430426335941
2022-05-26 04:00:00,-0.005923750666542382,0.2007091,0.20663285520450625,0.20663285520450625,0.005923750666542382
2022-05-27 04:00:00,-0.060772762838415595,0.17253697,0.23330973202329108,0.23330973202329108,0.060772762838415595
2022-05-31 04:00:00,-0.05642475089006371,0.16019672,0.2166214724438662,0.2166214724438662,0.05642475089006371
2022-06-01 04:00:00,-0.02015112682248077,0.17750102,0.19765214963818512,0.19765214963818512,0.02015112682248077
2022-06-02 04:00:00,-0.07483483325570539,0.19076338,0.2655982173594804,0.2655982173594804,0.07483483325570539
2022-06-03 04:00:00,-0.00979839972834018,0.19950938,0.20930778197626498,0.20930778197626498,0.00979839972834018
2022-06-06 04:00:00,-0.09938793270911983,0.2109878,0.31037573902931026,0.31037573902931026,0.09938793270911983
2022-06-07 04:00:00,-0.07832443053255123,0.20490387,0.28322830135355037,0.28322830135355037,0.07832443053255123
2022-06-08 04:00:00,-0.03734816497879745,0.20804939,0.24539755171852828,0.24539755171852828,0.03734816497879745
2022-06-09 04:00:00,-0.11765437906092391,0.20682082,0.3244751948625444,0.3244751948625444,0.11765437906092391
2022-06-10 04:00:00,-0.06893751613142562,0.21173185,0.28066936723234726,0.28066936723234726,0.06893751613142562
2022-06-13 04:00:00,0.09415632677213193,0.20366889,0.10951256561144351,0.10951256561144351,0.09415632677213193
2022-06-14 04:00:00,0.0665341457535975,0.20492923,0.13839508684375357,0.13839508684375357,0.0665341457535975
2022-06-15 04:00:00,0.00884491972133361,0.19801602,0.18917109795406617,0.18917109795406617,0.00884491972133361
2022-06-16 04:00:00,0.1423768381491941,0.2015441,0.05916726785742821,0.05916726785742821,0.1423768381491941
2022-06-17 04:00:00,0.12214089377785431,0.20862785,0.08648695603942169,0.08648695603942169,0.12214089377785431
2022-06-21 04:00:00,-0.018622368347517515,0.19921109,0.21783345915066388,0.21783345915066388,0.018622368347517515
2022-06-22 04:00:00,-0.032706513297575235,0.2105915,0.2432980083346541,0.2432980083346541,0.032706513297575235
2022-06-23 04:00:00,-0.04612648101719685,0.22027344,0.26639991613301106,0.26639991613301106,0.04612648101719685
2022-06-24 04:00:00,-0.07802898949190862,0.2208834,0.2989123887400318,0.2989123887400318,0.07802898949190862
2022-06-27 04:00:00,-0.04960708782504586,0.23242271,0.2820297972900727,0.2820297972900727,0.04960708782504586
2022-06-28 04:00:00,-0.0040051705109105384,0.24481279,0.24881795709004262,0.24881795709004262,0.0040051705109105384
2022-06-29 04:00:00,0.06790006257236048,0.2465083,0.17860823773205237,0.17860823773205237,0.06790006257236048
2022-06-30 04:00:00,0.11075271832897648,0.23809135,0.12733863127276912,0.12733863127276912,0.11075271832897648
2022-07-01 04:00:00,0.0306778800497991,0.22009093,0.18941304564371286,0.18941304564371286,0.0306778800497991
2022-07-05 04:00:00,1.4337746839565568e-05,0.20948568,0.20947134211804386,0.20947134211804386,1.4337746839565568e-05
2022-07-06 04:00:00,0.02264157209944262,0.20046169,0.1778201135580586,0.1778201135580586,0.02264157209944262
2022-07-07 04:00:00,-0.02580617313554523,0.18769787,0.21350404565503833,0.21350404565503833,0.02580617313554523
2022-07-08 04:00:00,-0.04359295228952398,0.17464253,0.21823548535341253,0.21823548535341253,0.04359295228952398
2022-07-11 04:00:00,0.02612679247289673,0.15043539,0.12430859561532959,0.12430859561532959,0.02612679247289673
2022-07-12 04:00:00,0.05208026533436172,0.15206353,0.09998326832938798,0.09998326832938798,0.05208026533436172
2022-07-13 04:00:00,0.04318170706720892,0.14285529,0.09967357953099665,0.09967357953099665,0.04318170706720892
2022-07-14 04:00:00,0.13113668782919508,0.13915446,0.008017776177228875,0.008017776177228875,0.13113668782919508
2022-07-15 04:00:00,0.12577966672391483,0.12410815,-0.0016715161225278052,0.0016715161225278052,0.12577966672391483
2022-07-18 04:00:00,0.10968844815300294,0.112210065,0.0025216169734161298,0.0025216169734161298,0.10968844815300294
2022-07-19 04:00:00,0.05286818403625393,0.10033736,0.047469172292710304,0.047469172292710304,0.05286818403625393
2022-07-20 04:00:00,0.10470578254585039,0.06468592,-0.040019864155099505,0.040019864155099505,0.10470578254585039
2022-07-21 04:00:00,0.03327566537414839,0.04253184,0.009256175129067401,0.009256175129067401,0.03327566537414839
2022-07-22 04:00:00,0.08754071623928095,0.0069030523,-0.08063766390926386,0.08063766390926386,0.08754071623928095
2022-07-25 04:00:00,0.10206072487257689,0.006244965,-0.09581575997494429,0.09581575997494429,0.10206072487257689
2022-07-26 04:00:00,0.1494488130056384,0.005286377,-0.14416243608231571,0.14416243608231571,0.1494488130056384
2022-07-27 04:00:00,0.11202262550372133,0.014522627,-0.09749999850768098,0.09749999850768098,0.11202262550372133
2022-07-28 04:00:00,0.09415522981214064,0.011048462,-0.0831067675702526,0.0831067675702526,0.09415522981214064
2022-07-29 04:00:00,-0.030686410907590833,0.023070395,0.0537568059004192,0.0537568059004192,0.030686410907590833
2022-08-01 04:00:00,-0.02332361086787671,0.032722168,0.056045778538603486,0.056045778538603486,0.02332361086787671
2022-08-02 04:00:00,-0.05911203471238213,0.0403099,0.09942193326766091,0.09942193326766091,0.05911203471238213
2022-08-03 04:00:00,-0.04334683233085457,0.03669118,0.08003801369252983,0.08003801369252983,0.04334683233085457
2022-08-04 04:00:00,-0.07396173973675957,0.03663028,0.11059202005263558,0.11059202005263558,0.07396173973675957
2022-08-05 04:00:00,0.04033183522303663,0.043598525,0.003266690003079553,0.003266690003079553,0.04033183522303663
2022-08-08 04:00:00,0.06303671233547448,0.06856546,0.005528745723836437,0.005528745723836437,0.06303671233547448
2022-08-09 04:00:00,0.07880024082348225,0.04421385,-0.03458639077231762,0.03458639077231762,0.07880024082348225
2022-08-10 04:00:00,0.032224601460947966,0.0466495,0.014424899266705538,0.014424899266705538,0.032224601460947966
2022-08-11 04:00:00,0.055111451960877744,0.037919074,-0.01719237766392645,0.01719237766392645,0.055111451960877744
2022-08-12 04:00:00,-0.01127332581926943,0.030354843,0.04162816836287142,0.04162816836287142,0.01127332581926943
2022-08-15 04:00:00,-0.06479434690642272,0.020712242,0.08550658843684111,0.08550658843684111,0.06479434690642272
2022-08-16 04:00:00,-0.03353450544219161,0.019102179,0.05263668395619536,0.05263668395619536,0.03353450544219161
2022-08-17 04:00:00,-0.02295915252278835,0.02252353,0.04548268235038311,0.04548268235038311,0.02295915252278835
2022-08-18 04:00:00,-0.022707716827870428,0.017794069,0.04050178573060137,0.04050178573060137,0.022707716827870428
2022-08-19 04:00:00,-0.02933622116235579,0.017136067,0.04647228831437911,0.04647228831437911,0.02933622116235579
2022-08-22 04:00:00,-0.017724589006327562,0.020987086,0.03871167500438588,0.03871167500438588,0.017724589006327562
2022-08-23 04:00:00,-0.06534839383020241,0.025705796,0.09105418956532318,0.09105418956532318,0.06534839383020241
2022-08-24 04:00:00,-0.07507083686328908,0.017177235,0.0922480721984007,0.0922480721984007,0.07507083686328908
2022-08-25 04:00:00,-0.06600096761799801,0.01621509,0.08221605732656467,0.08221605732656467,0.06600096761799801
2022-08-26 04:00:00,-0.06407351576580833,0.03152801,0.09560152673020195,0.09560152673020195,0.06407351576580833
2022-08-29 04:00:00,-0.03719759908218201,0.03192175,0.06911935087938126,0.06911935087938126,0.03719759908218201
2022-08-30 04:00:00,0.021375946572387505,0.041706663,0.02033071605268688,0.02033071605268688,0.021375946572387505
2022-08-31 04:00:00,0.04833920160396943,0.050988637,0.0026494353069459464,0.0026494353069459464,0.04833920160396943
2022-09-01 04:00:00,0.07812024428348696,0.105744235,0.027623990934084297,0.027623990934084297,0.07812024428348696
2022-09-02 04:00:00,0.11920896812026083,0.17628685,0.05707787827904642,0.05707787827904642,0.11920896812026083
2022-09-06 04:00:00,0.06253909696334414,0.19229981,0.12976071606880613,0.12976071606880613,0.06253909696334414
2022-09-07 04:00:00,0.06452741448510757,0.20637724,0.14184982355009446,0.14184982355009446,0.06452741448510757
2022-09-08 04:00:00,0.048879023248455944,0.21144286,0.1625638347322722,0.1625638347322722,0.048879023248455944
2022-09-09 04:00:00,0.012172060253035077,0.20717493,0.195002866743196,0.195002866743196,0.012172060253035077
2022-09-12 04:00:00,0.015159441195739198,0.19993514,0.18477569702981622,0.18477569702981622,0.015159441195739198
2022-09-13 04:00:00,0.05526821871396592,0.19071853,0.13545031289461562,0.13545031289461562,0.05526821871396592
2022-09-14 04:00:00,-0.005999247834070687,0.189287,0.19528625468908167,0.19528625468908167,0.005999247834070687
2022-09-15 04:00:00,-0.05119801163962556,0.18418664,0.23538464904120637,0.23538464904120637,0.05119801163962556
2022-09-16 04:00:00,-0.09691694503623083,0.18104577,0.27796271568137243,0.27796271568137243,0.09691694503623083
2022-09-19 04:00:00,-0.11313067983023206,0.18620461,0.2993352920853285,0.2993352920853285,0.11313067983023206
2022-09-20 04:00:00,-0.08723227444216874,0.1835172,0.27074947717711595,0.27074947717711595,0.08723227444216874
2022-09-21 04:00:00,-0.04414501977523955,0.18681481,0.23095983458122404,0.23095983458122404,0.04414501977523955
2022-09-22 04:00:00,-0.07323675911396332,0.18739644,0.2606331960436661,0.2606331960436661,0.07323675911396332
2022-09-23 04:00:00,-0.03729755197835871,0.1880905,0.2253880551941485,0.2253880551941485,0.03729755197835871
2022-09-26 04:00:00,-0.12984790331062612,0.19432566,0.32417355900940237,0.32417355900940237,0.12984790331062612
2022-09-27 04:00:00,-0.12601645456247912,0.19738507,0.323401527270609,0.323401527270609,0.12601645456247912
2022-09-28 04:00:00,-0.17829230104527216,0.20035914,0.3786514369114373,0.3786514369114373,0.17829230104527216
2022-09-29 04:00:00,-0.11895346036049848,0.20499614,0.3239495991716099,0.3239495991716099,0.11895346036049848
2022-09-30 04:00:00,-0.17318712111167844,0.19592285,0.36910997267417844,0.36910997267417844,0.17318712111167844
2022-10-03 04:00:00,-0.08359681572951771,0.18995735,0.27355416622199513,0.27355416622199513,0.08359681572951771
2022-10-04 04:00:00,-0.14162786765447155,0.15449229,0.29612015648236767,0.29612015648236767,0.14162786765447155
2022-10-05 04:00:00,-0.10300547222048806,0.15356149,0.2565669600144105,0.2565669600144105,0.10300547222048806
2022-10-06 04:00:00,-0.07140143348345962,0.15997663,0.23137806488642898,0.23137806488642898,0.07140143348345962
2022-10-07 04:00:00,-0.08452443212438787,0.15741289,0.24193731874395574,0.24193731874395574,0.08452443212438787
2022-10-10 04:00:00,-0.01632375784843454,0.1657838,0.18210755058258066,0.18210755058258066,0.01632375784843454
2022-10-11 04:00:00,0.016900273641875074,0.17322797,0.15632769218988152,0.15632769218988152,0.016900273641875074
2022-10-12 04:00:00,0.021854757131965385,0.19707718,0.17522242778357722,0.17522242778357722,0.021854757131965385
2022-10-13 04:00:00,-0.06734479969250717,0.20874399,0.276088789160128,0.276088789160128,0.06734479969250717
2022-10-14 04:00:00,0.04506876608634336,0.21236259,0.16729382136559146,0.16729382136559146,0.04506876608634336
2022-10-17 04:00:00,-0.03762638920040384,0.21619344,0.2538198267766978,0.2538198267766978,0.03762638920040384
2022-10-18 04:00:00,0.010076657073857298,0.20750278,0.19742612527096082,0.19742612527096082,0.010076657073857298
2022-10-19 04:00:00,0.011641602535662265,0.21145314,0.19981153724628964,0.19981153724628964,0.011641602535662265
2022-10-20 04:00:00,0.08242977559150955,0.2204828,0.13805302083907822,0.13805302083907822,0.08242977559150955
2022-10-21 04:00:00,0.0635937622081153,0.2466644,0.1830706426609643,0.1830706426609643,0.0635937622081153
2022-10-24 04:00:00,0.07428375136797083,0.25075117,0.17646741616781103,0.17646741616781103,0.07428375136797083
2022-10-25 04:00:00,0.023988397462636257,0.27947712,0.2554887219831645,0.2554887219831645,0.023988397462636257
2022-10-26 04:00:00,-0.04395413744926824,0.26699153,0.31094566333771123,0.31094566333771123,0.04395413744926824
2022-10-27 04:00:00,-0.04442146718515172,0.24556568,0.28998714983476415,0.28998714983476415,0.04442146718515172
2022-10-28 04:00:00,-0.09663699576367879,0.1522398,0.2488767952631905,0.2488767952631905,0.09663699576367879
2022-10-31 04:00:00,-0.14371627063857062,0.114675194,0.2583914646636103,0.2583914646636103,0.14371627063857062
2022-11-01 04:00:00,-0.1747129832219727,0.11497456,0.2896875415753968,0.2896875415753968,0.1747129832219727
2022-11-02 04:00:00,-0.19106747862579976,0.1190783,0.3101457795191065,0.3101457795191065,0.19106747862579976
2022-11-03 04:00:00,-0.12127244849357766,0.12163522,0.2429076694384591,0.2429076694384591,0.12127244849357766
2022-11-04 04:00:00,-0.05702516426881221,0.11690029,0.1739254518373814,0.1739254518373814,0.05702516426881221
2022-11-07 05:00:00,-0.03159814927713178,0.11843065,0.1500288010014703,0.1500288010014703,0.03159814927713178
2022-11-08 05:00:00,0.016177865575945916,0.11464577,0.0984679061063165,0.0984679061063165,0.016177865575945916
2022-11-09 05:00:00,0.05120320599094086,0.107147254,0.055944048058837126,0.055944048058837126,0.05120320599094086
2022-11-10 05:00:00,-0.040391716901835295,0.09996958,0.14036129767137417,0.14036129767137417,0.040391716901835295
2022-11-11 05:00:00,-0.083949729232204,0.084211454,0.16816118302763705,0.16816118302763705,0.083949729232204
2022-11-14 05:00:00,-0.1288217564420968,0.09961143,0.22843318780234156,0.22843318780234156,0.1288217564420968
2022-11-15 05:00:00,-0.1347518513239887,0.11185473,0.24660658336057928,0.24660658336057928,0.1347518513239887
2022-11-16 05:00:00,-0.020102272454335157,0.13871571,0.15881798667056746,0.15881798667056746,0.020102272454335157
2022-11-17 05:00:00,-0.0016938373015600305,0.17715067,0.17884450401527463,0.17884450401527463,0.0016938373015600305
2022-11-18 05:00:00,0.015037025491925426,0.19677055,0.18173352332857018,0.18173352332857018,0.015037025491925426
2022-11-21 05:00:00,0.07436753227526793,0.2040582,0.12969066784565797,0.12969066784565797,0.07436753227526793
2022-11-22 05:00:00,0.13619099005310265,0.21595865,0.07976766482742104,0.07976766482742104,0.13619099005310265
2022-11-23 05:00:00,0.06088146112203674,0.20796645,0.14708498575448914,0.14708498575448914,0.06088146112203674
2022-11-25 05:00:00,0.06356051905536386,0.19387114,0.13031062142467764,0.13031062142467764,0.06356051905536386
2022-11-28 05:00:00,-0.0025727426238013607,0.19563127,0.19820400826406015,0.19820400826406015,0.0025727426238013607
2022-11-29 05:00:00,-0.005600982235261398,0.19731602,0.202917002962419,0.202917002962419,0.005600982235261398
2022-11-30 05:00:00,-0.11217477742809656,0.20011955,0.31229433242458704,0.31229433242458704,0.11217477742809656
2022-12-01 05:00:00,-0.11562816437634549,0.20130795,0.3169361167803677,0.3169361167803677,0.11562816437634549
2022-12-02 05:00:00,-0.08461624164084558,0.21183142,0.2964476623008645,0.2964476623008645,0.08461624164084558
2022-12-05 05:00:00,-0.08358412607068999,0.20700237,0.2905864976202963,0.2905864976202963,0.08358412607068999
2022-12-06 05:00:00,-0.11086265250354987,0.21109277,0.32195542260318977,0.32195542260318977,0.11086265250354987
2022-12-07 05:00:00,-0.10431399189685475,0.20438921,0.3087032064125408,0.3087032064125408,0.10431399189685475
2022-12-08 05:00:00,-0.0953275026914735,0.20658252,0.30191001912328197,0.30191001912328197,0.0953275026914735
2022-12-09 05:00:00,-0.17549768885374117,0.20119542,0.37669310768842745,0.37669310768842745,0.17549768885374117
2022-12-12 05:00:00,-0.11312380100863884,0.19664985,0.3097736504234643,0.3097736504234643,0.11312380100863884
2022-12-13 05:00:00,-0.15529035805807023,0.20116112,0.3564514744196883,0.3564514744196883,0.15529035805807023
2022-12-14 05:00:00,-0.1308381956662048,0.20201212,0.3328503173436035,0.3328503173436035,0.1308381956662048
2022-12-15 05:00:00,-0.22939441720482545,0.1981251,0.4275195113801642,0.4275195113801642,0.22939441720482545
2022-12-16 05:00:00,-0.19876428767790966,0.20640141,0.4051656953965681,0.4051656953965681,0.19876428767790966
2022-12-19 05:00:00,-0.3175033402236176,0.21487632,0.5323796641619873,0.5323796641619873,0.3175033402236176
2022-12-20 05:00:00,-0.20098524059471234,0.21585652,0.4168417629164134,0.4168417629164134,0.20098524059471234
2022-12-21 05:00:00,-0.12158838880964229,0.23765785,0.3592462338299365,0.3592462338299365,0.12158838880964229
2022-12-22 05:00:00,-0.01746310969498044,0.23717141,0.25463452120926267,0.25463452120926267,0.01746310969498044
2022-12-23 05:00:00,-0.1303464264272325,0.26493895,0.39528537696586774,0.39528537696586774,0.1303464264272325
2022-12-27 05:00:00,0.04077067276209867,0.2760269,0.23525623182087863,0.23525623182087863,0.04077067276209867
2022-12-28 05:00:00,-0.02125166547616253,0.3323245,0.35357617032845745,0.35357617032845745,0.02125166547616253
2022-12-29 05:00:00,-0.07462591324995671,0.386581,0.4612069169158808,0.4612069169158808,0.07462591324995671
2022-12-30 05:00:00,-0.02807349380512747,0.39962453,0.4276980203058294,0.4276980203058294,0.02807349380512747
2023-01-03 05:00:00,0.09480547043778387,0.40384424,0.3090387668897918,0.3090387668897918,0.09480547043778387
2023-01-04 05:00:00,0.08093583387805481,0.40519643,0.3242605944208954,0.3242605944208954,0.08093583387805481
2023-01-05 05:00:00,0.11316037363654274,0.40469933,0.2915389519249807,0.2915389519249807,0.11316037363654274
2023-01-06 05:00:00,0.07937575289131171,0.40794656,0.3285708039152526,0.3285708039152526,0.07937575289131171
2023-01-09 05:00:00,0.09335763594386659,0.4035944,0.31023676851513304,0.31023676851513304,0.09335763594386659
2023-01-10 05:00:00,0.08024333166354936,0.37844914,0.2982058103156682,0.2982058103156682,0.08024333166354936
2023-01-11 05:00:00,0.031553374141054746,0.3783232,0.3467698232237524,0.3467698232237524,0.031553374141054746
2023-01-12 05:00:00,0.07677518526587068,0.36093992,0.2841647346827072,0.2841647346827072,0.07677518526587068
2023-01-13 05:00:00,0.16078129713290323,0.3605141,0.19973280723339926,0.19973280723339926,0.16078129713290323
2023-01-17 05:00:00,0.09011826965841951,0.3581702,0.2680519416567355,0.2680519416567355,0.09011826965841951
2023-01-18 05:00:00,0.11468939777081655,0.33451796,0.21982855800921275,0.21982855800921275,0.11468939777081655
2023-01-19 05:00:00,0.23133516002920373,0.33306283,0.10172766755792395,0.10172766755792395,0.23133516002920373
2023-01-20 05:00:00,0.2877195268057209,0.3423679,0.05464836069122736,0.05464836069122736,0.2877195268057209
2023-01-23 05:00:00,0.14788015125013576,0.3450491,0.19716896178506627,0.19716896178506627,0.14788015125013576
2023-01-24 05:00:00,0.18551335541649028,0.35690814,0.17139478715019063,0.17139478715019063,0.18551335541649028
2023-01-25 05:00:00,0.22796477273827875,0.34013775,0.11217297717207586,0.11217297717207586,0.22796477273827875
2023-01-26 05:00:00,0.16101720576650536,0.32192236,0.16090515608423317,0.16090515608423317,0.16101720576650536
2023-01-27 05:00:00,0.06569722060993133,0.25427416,0.18857693905994477,0.18857693905994477,0.06569722060993133
2023-01-30 05:00:00,0.1558121721821184,0.20521832,0.049406142942393316,0.049406142942393316,0.1558121721821184
2023-01-31 05:00:00,0.127676313980432,0.16004097,0.032364660636572395,0.032364660636572395,0.127676313980432
2023-02-01 05:00:00,0.10398693781858626,0.11115317,0.007166232647836779,0.007166232647836779,0.10398693781858626
2023-02-02 05:00:00,0.09638640321970637,0.09013642,-0.006249979512698012,0.006249979512698012,0.09638640321970637
2023-02-03 05:00:00,0.035726413080746866,0.07735907,0.04163265978330877,0.04163265978330877,0.035726413080746866
2023-02-06 05:00:00,-0.0006163077702439068,0.07807164,0.07868794671200874,0.07868794671200874,0.0006163077702439068
2023-02-07 05:00:00,0.06129092543912851,0.08614083,0.024849900905361544,0.024849900905361544,0.06129092543912851
2023-02-08 05:00:00,0.062350286624359263,0.09421933,0.03186904034860216,0.03186904034860216,0.062350286624359263
2023-02-09 05:00:00,-0.025797864280125538,0.09253749,0.11833535679378215,0.11833535679378215,0.025797864280125538
2023-02-10 05:00:00,0.056382149021981576,0.09257748,0.03619533075773873,0.03619533075773873,0.056382149021981576
2023-02-13 05:00:00,0.01392841968716052,0.098555684,0.08462726440250012,0.08462726440250012,0.01392841968716052
2023-02-14 05:00:00,-0.04092155836570033,0.092730194,0.13365175269591578,0.13365175269591578,0.04092155836570033
2023-02-15 05:00:00,-0.0584826993117451,0.078801125,0.13728382459975474,0.13728382459975474,0.0584826993117451
2023-02-16 05:00:00,-0.025871233485707634,0.078166306,0.10403753950453698,0.10403753950453698,0.025871233485707634
2023-02-17 05:00:00,-0.003269670036986305,0.07627036,0.07954002681131644,0.07954002681131644,0.003269670036986305
2023-02-21 05:00:00,0.04138732757528629,0.07315819,0.03177086207906399,0.03177086207906399,0.04138732757528629
2023-02-22 05:00:00,0.00946420184696617,0.068515316,0.059051113804927446,0.059051113804927446,0.00946420184696617
2023-02-23 05:00:00,-0.05686450951196953,0.06385931,0.1207238157878141,0.1207238157878141,0.05686450951196953
2023-02-24 05:00:00,0.004611396965137793,0.057532117,0.05292071980560653,0.05292071980560653,0.004611396965137793
2023-02-27 05:00:00,-0.0688793879230234,0.052579705,0.12145909259512155,0.12145909259512155,0.0688793879230234
2023-02-28 05:00:00,-0.09156918815630366,0.037520632,0.12908982030409266,0.12908982030409266,0.09156918815630366
2023-03-01 05:00:00,-0.1080656657740553,0.039017566,0.14708323132247525,0.14708323132247525,0.1080656657740553
2023-03-02 05:00:00,-0.09892064954897961,0.036751956,0.13567260529658398,0.13567260529658398,0.09892064954897961
2023-03-03 05:00:00,-0.1313740955212408,0.038112316,0.1694864118018442,0.1694864118018442,0.1313740955212408
2023-03-06 05:00:00,-0.10506818770920034,0.020124145,0.12519233256136175,0.12519233256136175,0.10506818770920034
2023-03-07 05:00:00,-0.023992374883249568,0.020271301,0.04426367615278082,0.04426367615278082,0.023992374883249568
2023-03-08 05:00:00,-0.008552972899927624,0.021270722,0.029823695050730237,0.029823695050730237,0.008552972899927624
2023-03-09 05:00:00,0.06281300718701388,0.026719034,-0.03609397346890475,0.03609397346890475,0.06281300718701388
2023-03-10 05:00:00,0.03784710721497042,0.027418934,-0.010428173406166863,0.010428173406166863,0.03784710721497042
2023-03-13 04:00:00,0.049041243360210096,0.030966192,-0.01807505087630812,0.01807505087630812,0.049041243360210096
2023-03-14 04:00:00,0.07523769532137337,0.035361692,-0.03987600301199379,0.03987600301199379,0.07523769532137337
2023-03-15 04:00:00,0.057604714035051074,0.036919378,-0.02068533629085323,0.02068533629085323,0.057604714035051074
2023-03-16 04:00:00,0.04299849934827282,0.041487187,-0.00151131220113232,0.00151131220113232,0.04299849934827282
2023-03-17 04:00:00,0.055500821676620404,0.048953265,-0.006547556724914472,0.006547556724914472,0.055500821676620404
2023-03-20 04:00:00,0.04565394523858313,0.060529754,0.014875808327205142,0.014875808327205142,0.04565394523858313
2023-03-21 04:00:00,-0.0433917608808887,0.07482521,0.1182169732403171,0.1182169732403171,0.0433917608808887
2023-03-22 04:00:00,0.014181007949971125,0.081999496,0.06781848767552479,0.06781848767552479,0.014181007949971125
2023-03-23 04:00:00,0.015793864087974008,0.06670511,0.0509112436009298,0.0509112436009298,0.015793864087974008
2023-03-24 04:00:00,0.0857589211466614,0.060483474,-0.025275446862250917,0.025275446862250917,0.0857589211466614
2023-03-27 04:00:00,0.015314111172394007,0.05540186,0.04008775049523905,0.04008775049523905,0.015314111172394007
2023-03-28 04:00:00,0.017759847317310395,0.07390764,0.05614779623928445,0.05614779623928445,0.017759847317310395
2023-03-29 04:00:00,-0.04407672018496278,0.12876919,0.17284590930430177,0.17284590930430177,0.04407672018496278
2023-03-30 04:00:00,-0.053754336205291686,0.13592638,0.18968071695880884,0.18968071695880884,0.053754336205291686
2023-03-31 04:00:00,-0.11723494958374925,0.1393409,0.2565758569190306,0.2565758569190306,0.11723494958374925
2023-04-03 04:00:00,-0.04183444194992347,0.13144419,0.17327862792213722,0.17327862792213722,0.04183444194992347
2023-04-04 04:00:00,-0.06455933863784935,0.14494318,0.20950251633789208,0.20950251633789208,0.06455933863784935
2023-04-05 04:00:00,0.0020461459182188335,0.14447746,0.14243131088987138,0.14243131088987138,0.0020461459182188335
2023-04-06 04:00:00,-0.00032425855004802884,0.14914243,0.14946668778264538,0.14946668778264538,0.00032425855004802884
2023-04-10 04:00:00,0.013618829046245118,0.14732656,0.13370772978210876,0.13370772978210876,0.013618829046245118
2023-04-11 04:00:00,-0.013365845910477958,0.14614806,0.15951390170233282,0.15951390170233282,0.013365845910477958
2023-04-12 04:00:00,0.0002769255033587825,0.1456525,0.14537557727183348,0.14537557727183348,0.0002769255033587825
2023-04-13 04:00:00,-0.1315199789611441,0.14161354,0.27313352199474394,0.27313352199474394,0.1315199789611441
2023-04-14 04:00:00,-0.11392560910202043,0.1525298,0.2664554150006868,0.2664554150006868,0.11392560910202043
2023-04-17 04:00:00,-0.1403367963042168,0.162262,0.3025987889971642,0.3025987889971642,0.1403367963042168
2023-04-18 04:00:00,-0.1372665486584621,0.17170376,0.3089703045140224,0.3089703045140224,0.1372665486584621
2023-04-19 04:00:00,-0.16090134149904056,0.17960578,0.3405071235310535,0.3405071235310535,0.16090134149904056
2023-04-20 04:00:00,-0.017328256979919132,0.19359243,0.2109206861409909,0.2109206861409909,0.017328256979919132
2023-04-21 04:00:00,-0.004675343371101981,0.19470057,0.19937591228551543,0.19937591228551543,0.004675343371101981
2023-04-24 04:00:00,-0.004439252680711547,0.19467363,0.19911288029568652,0.19911288029568652,0.004439252680711547
2023-04-25 04:00:00,-0.00224313518657393,0.19646415,0.19870728633060164,0.19870728633060164,0.00224313518657393
2023-04-26 04:00:00,0.04365116318838691,0.20432815,0.16067698636872674,0.16067698636872674,0.04365116318838691
2023-04-27 04:00:00,0.006285185186944986,0.2189013,0.21261612120381734,0.21261612120381734,0.006285185186944986
2023-04-28 04:00:00,0.034396428996298134,0.22093064,0.18653420693280953,0.18653420693280953,0.034396428996298134
2023-05-01 04:00:00,0.05972634871305171,0.22571632,0.16598997394739445,0.16598997394739445,0.05972634871305171
2023-05-02 04:00:00,0.053676433670966084,0.23035058,0.1766741501207667,0.1766741501207667,0.053676433670966084
2023-05-03 04:00:00,0.04819400063373891,0.23664504,0.18845104226253184,0.18845104226253184,0.04819400063373891
2023-05-04 04:00:00,0.06531368445916463,0.2382864,0.17297272134260844,0.17297272134260844,0.06531368445916463
2023-05-05 04:00:00,-0.012306402338362332,0.2342071,0.24651349605403006,0.24651349605403006,0.012306402338362332
2023-05-08 04:00:00,-0.03217872240123487,0.22150838,0.2536871061521504,0.2536871061521504,0.03217872240123487
2023-05-09 04:00:00,-0.01567041115914769,0.20920321,0.22487362461244054,0.22487362461244054,0.01567041115914769
2023-05-10 04:00:00,0.03107731065275665,0.2061156,0.1750382927942038,0.1750382927942038,0.03107731065275665
2023-05-11 04:00:00,0.027568571404765763,0.19979927,0.17223069803302415,0.17223069803302415,0.027568571404765763
2023-05-12 04:00:00,0.069889423704252,0.20007354,0.13018411650647188,0.13018411650647188,0.069889423704252
2023-05-15 04:00:00,0.12696488269969386,0.19224331,0.06527842512920934,0.06527842512920934,0.12696488269969386
2023-05-16 04:00:00,0.10939392441785323,0.19520536,0.08581143623316301,0.08581143623316301,0.10939392441785323
2023-05-17 04:00:00,0.050689140864530025,0.19475749,0.14406835048564393,0.14406835048564393,0.050689140864530025
2023-05-18 04:00:00,0.04195878824588295,0.19530243,0.15334363856915,0.15334363856915,0.04195878824588295
2023-05-19 04:00:00,0.06983629777183165,0.19993195,0.1300956516052283,0.1300956516052283,0.06983629777183165
2023-05-22 04:00:00,0.06304170765373662,0.20707765,0.14403594456222102,0.14403594456222102,0.06304170765373662
2023-05-23 04:00:00,0.09326738938692625,0.21017644,0.11690904870625918,0.11690904870625918,0.09326738938692625
2023-05-24 04:00:00,0.12628821913028165,0.21066186,0.08437363918995455,0.08437363918995455,0.12628821913028165
2023-05-25 04:00:00,0.14834896873303816,0.20285347,0.05450450230768755,0.05450450230768755,0.14834896873303816
2023-05-26 04:00:00,0.11913385187377568,0.17009035,0.050956495654681966,0.050956495654681966,0.11913385187377568
2023-05-30 04:00:00,0.09546379302398567,0.15690547,0.061441679254609305,0.061441679254609305,0.09546379302398567
2023-05-31 04:00:00,0.09641073341596496,0.14871815,0.05230741505395997,0.05230741505395997,0.09641073341596496
2023-06-01 04:00:00,0.12376185337940271,0.17243972,0.04867787082752173,0.04867787082752173,0.12376185337940271
2023-06-02 04:00:00,0.13297037834009284,0.18739164,0.0544212604157055,0.0544212604157055,0.13297037834009284
2023-06-05 04:00:00,0.13807622127358776,0.19207051,0.05399429269011158,0.05399429269011158,0.13807622127358776
2023-06-06 04:00:00,0.15614328769576336,0.19961119,0.04346789928543782,0.04346789928543782,0.15614328769576336
2023-06-07 04:00:00,0.13407116831867416,0.21145967,0.07738849817188065,0.07738849817188065,0.13407116831867416
2023-06-08 04:00:00,0.0857971247788436,0.20262611,0.11682898434438638,0.11682898434438638,0.0857971247788436
2023-06-09 04:00:00,0.0639502307424129,0.21267655,0.14872632417587628,0.14872632417587628,0.0639502307424129
2023-06-12 04:00:00,0.0939884455874731,0.19695523,0.10296678822485905,0.10296678822485905,0.0939884455874731
2023-06-13 04:00:00,0.00289480498091077,0.21103865,0.20814384410127307,0.20814384410127307,0.00289480498091077
2023-06-14 04:00:00,0.029998324979525037,0.21322575,0.1832274271357246,0.1832274271357246,0.029998324979525037
2023-06-15 04:00:00,0.0027317566530769,0.22860032,0.22586856654714893,0.22586856654714893,0.0027317566530769
2023-06-16 04:00:00,-0.0777520395544844,0.24085048,0.3186025179652052,0.3186025179652052,0.0777520395544844
2023-06-20 04:00:00,-0.09246854738143906,0.22474259,0.31721113876251206,0.31721113876251206,0.09246854738143906
2023-06-21 04:00:00,-0.012488048019722697,0.22691777,0.2394058215049064,0.2394058215049064,0.012488048019722697
2023-06-22 04:00:00,-0.02723726839927121,0.2458109,0.2730481645574896,0.2730481645574896,0.02723726839927121
2023-06-23 04:00:00,0.01994773768161462,0.26055658,0.24060884095455481,0.24060884095455481,0.01994773768161462
2023-06-26 04:00:00,0.1491421719679895,0.26339516,0.11425298846864074,0.11425298846864074,0.1491421719679895
2023-06-27 04:00:00,0.1213071984199221,0.2711013,0.14979409752810646,0.14979409752810646,0.1213071984199221
2023-06-28 04:00:00,0.07624103967021956,0.26148343,0.1852423911922072,0.1852423911922072,0.07624103967021956
2023-06-29 04:00:00,0.06367647252913322,0.2474457,0.1837692300236622,0.1837692300236622,0.06367647252913322
2023-06-30 04:00:00,0.02951020235717916,0.24088839,0.2113781846076188,0.2113781846076188,0.02951020235717916
2023-07-03 04:00:00,-0.036502655212864,0.22601786,0.26252051777122887,0.26252051777122887,0.036502655212864
2023-07-05 04:00:00,-0.037842525502617796,0.20221156,0.24005408432143494,0.24005408432143494,0.037842525502617796
2023-07-06 04:00:00,0.004905807925586814,0.21147382,0.20656801466810215,0.20656801466810215,0.004905807925586814
2023-07-07 04:00:00,0.025009893669232675,0.22240263,0.19739273856724804,0.19739273856724804,0.025009893669232675
2023-07-10 04:00:00,0.07421401086435342,0.2141484,0.13993439134969687,0.13993439134969687,0.07421401086435342
2023-07-11 04:00:00,0.08368842306740287,0.22460318,0.1409147530495405,0.1409147530495405,0.08368842306740287
2023-07-12 04:00:00,0.06845110757340223,0.21417686,0.14572575585852832,0.14572575585852832,0.06845110757340223
2023-07-13 04:00:00,-0.05548760626574101,0.20426524,0.25975284312029423,0.25975284312029423,0.05548760626574101
2023-07-14 04:00:00,-0.07894757741999303,0.20381749,0.2827650641829935,0.2827650641829935,0.07894757741999303
2023-07-17 04:00:00,-0.07625603288723148,0.20181963,0.27807566136432804,0.27807566136432804,0.07625603288723148
2023-07-18 04:00:00,-0.1005464659890638,0.20186323,0.30240969526381356,0.30240969526381356,0.1005464659890638
2023-07-19 04:00:00,-0.09694236681309931,0.20093209,0.2978744523271679,0.2978744523271679,0.09694236681309931
2023-07-20 04:00:00,-0.02772969240143297,0.19798139,0.22571107977821825,0.22571107977821825,0.02772969240143297
2023-07-21 04:00:00,0.02439057782587728,0.22161144,0.1972208623558549,0.1972208623558549,0.02439057782587728
2023-07-24 04:00:00,-0.006076571522687146,0.22351342,0.22958999591920204,0.22958999591920204,0.006076571522687146
2023-07-25 04:00:00,-0.015997268693324074,0.20867246,0.22466973258721445,0.22466973258721445,0.015997268693324074
2023-07-26 04:00:00,-0.03950675923175151,0.2028192,0.24232595760173137,0.24232595760173137,0.03950675923175151
2023-07-27 04:00:00,0.01401883243244395,0.20089963,0.18688079835254445,0.18688079835254445,0.01401883243244395
2023-07-28 04:00:00,-0.0483661503437256,0.19730785,0.24567400523454896,0.24567400523454896,0.0483661503437256
2023-07-31 04:00:00,-0.06161367197953904,0.19258446,0.2541981269928142,0.2541981269928142,0.06161367197953904
2023-08-01 04:00:00,-0.04452841358801063,0.1941342,0.23866261916776832,0.23866261916776832,0.04452841358801063
2023-08-02 04:00:00,-0.0480446943828996,0.19627613,0.24432082267498334,0.24432082267498334,0.0480446943828996
2023-08-03 04:00:00,-0.0554178598727999,0.19979337,0.25521122845075705,0.25521122845075705,0.0554178598727999
2023-08-04 04:00:00,-0.04516288566666837,0.20315528,0.24831816482621427,0.24831816482621427,0.04516288566666837
2023-08-07 04:00:00,-0.047605750384021484,0.19532132,0.24292707187144824,0.24292707187144824,0.047605750384021484
2023-08-08 04:00:00,-0.06939339123588173,0.19856986,0.26796325527053444,0.26796325527053444,0.06939339123588173
2023-08-09 04:00:00,-0.07095900547708123,0.19902158,0.26998058331216424,0.26998058331216424,0.07095900547708123
2023-08-10 04:00:00,-0.11256919132196508,0.19766286,0.31023205147707067,0.31023205147707067,0.11256919132196508
2023-08-11 04:00:00,-0.1187055204513241,0.21164414,0.33034966331745874,0.33034966331745874,0.1187055204513241
2023-08-14 04:00:00,-0.0360093076672543,0.23510921,0.27111851768159756,0.27111851768159756,0.0360093076672543
2023-08-15 04:00:00,0.0009867885516907648,0.2621889,0.2612021228862975,0.2612021228862975,0.0009867885516907648
2023-08-16 04:00:00,0.04870570519170059,0.26664633,0.21794062039652573,0.21794062039652573,0.04870570519170059
2023-08-17 04:00:00,0.04817738030393137,0.27549723,0.22731984760324941,0.22731984760324941,0.04817738030393137
2023-08-18 04:00:00,0.10183205204186585,0.28292423,0.1810921828252301,0.1810921828252301,0.10183205204186585
2023-08-21 04:00:00,0.03208106834354396,0.29369983,0.2616187624269486,0.2616187624269486,0.03208106834354396
2023-08-22 04:00:00,0.09792261798349422,0.3041061,0.20618346850904423,0.20618346850904423,0.09792261798349422
2023-08-23 04:00:00,0.08121762848731073,0.3006016,0.21938397311333624,0.21938397311333624,0.08121762848731073
2023-08-24 04:00:00,0.11501638468764686,0.29583508,0.1808186930749569,0.1808186930749569,0.11501638468764686
2023-08-25 04:00:00,0.026552421329942177,0.2869977,0.26044528436807113,0.26044528436807113,0.026552421329942177
2023-08-28 04:00:00,0.07137947864836036,0.2868292,0.21544972471887291,0.21544972471887291,0.07137947864836036
2023-08-29 04:00:00,-0.02066463083896153,0.27709377,0.29775839895877354,0.29775839895877354,0.02066463083896153
2023-08-30 04:00:00,-0.021283631197154484,0.29573587,0.3170194970285296,0.3170194970285296,0.021283631197154484
2023-08-31 04:00:00,-0.0378267168108648,0.291834,0.3296607135836309,0.3296607135836309,0.0378267168108648
2023-09-01 04:00:00,0.11029503096160198,0.288987,0.17869197975579,0.17869197975579,0.11029503096160198
2023-09-05 04:00:00,0.04195519883726995,0.2688008,0.22684559624100764,0.22684559624100764,0.04195519883726995
2023-09-06 04:00:00,0.0741136051459268,0.26832873,0.1942151211457297,0.1942151211457297,0.0741136051459268
2023-09-07 04:00:00,0.09314256454742598,0.25848168,0.16533911679946733,0.16533911679946733,0.09314256454742598
2023-09-08 04:00:00,0.09910765988775339,0.24446794,0.14536028401903067,0.14536028401903067,0.09910765988775339
2023-09-11 04:00:00,-0.030808167234368078,0.21341589,0.2442240581664512,0.2442240581664512,0.030808167234368078
2023-09-12 04:00:00,-0.0036705946533341915,0.18867588,0.1923464750854631,0.1923464750854631,0.0036705946533341915
2023-09-13 04:00:00,-0.03263130820395421,0.17539743,0.20802873409392308,0.20802873409392308,0.03263130820395421
2023-09-14 04:00:00,-0.07654094334555062,0.17422485,0.2507657968611756,0.2507657968611756,0.07654094334555062
2023-09-15 04:00:00,-0.11378219084766705,0.1758491,0.28963128583458264,0.28963128583458264,0.11378219084766705
2023-09-18 04:00:00,-0.07143799512649007,0.18083876,0.25227675884032674,0.25227675884032674,0.07143799512649007
2023-09-19 04:00:00,-0.08771435593129429,0.18615457,0.2738689300871018,0.2738689300871018,0.08771435593129429
2023-09-20 04:00:00,-0.08787377692052889,0.19340557,0.2812793455202298,0.2812793455202298,0.08787377692052889
2023-09-21 04:00:00,-0.03712979101018021,0.18923691,0.22636670016125748,0.22636670016125748,0.03712979101018021
2023-09-22 04:00:00,0.021572221191003216,0.194271,0.172698777048514,0.172698777048514,0.021572221191003216
2023-09-25 04:00:00,0.018492676866216584,0.1987063,0.180213622200327,0.180213622200327,0.018492676866216584
2023-09-26 04:00:00,0.009823797305242188,0.20920679,0.19938299242673718,0.19938299242673718,0.009823797305242188
2023-09-27 04:00:00,0.0824131707950908,0.21140689,0.1289937157825154,0.1289937157825154,0.0824131707950908
2023-09-28 04:00:00,0.05399879392594187,0.21485436,0.16085556570082815,0.16085556570082815,0.05399879392594187
2023-09-29 04:00:00,0.04037747725721452,0.22019455,0.17981707111123946,0.17981707111123946,0.04037747725721452
2023-10-02 04:00:00,0.03157109671639269,0.22302371,0.1914526159186476,0.1914526159186476,0.03157109671639269
2023-10-03 04:00:00,0.06702496878231035,0.23251268,0.16548771389400496,0.16548771389400496,0.06702496878231035
2023-10-04 04:00:00,0.006982711167217381,0.23733425,0.2303515402365912,0.2303515402365912,0.006982711167217381
2023-10-05 04:00:00,-0.00454788695168773,0.2564654,0.2610132921774415,0.2610132921774415,0.00454788695168773
2023-10-06 04:00:00,-0.036787119935429935,0.2461896,0.28297671420422876,0.28297671420422876,0.036787119935429935
2023-10-09 04:00:00,-0.022392396234533152,0.23668697,0.2590793709984034,0.2590793709984034,0.022392396234533152
2023-10-10 04:00:00,-0.0338334930266635,0.22298709,0.2568205786074893,0.2568205786074893,0.0338334930266635
2023-10-11 04:00:00,-0.08037229861458872,0.2094144,0.2897866913243208,0.2897866913243208,0.08037229861458872
2023-10-12 04:00:00,-0.16219856215934847,0.19720575,0.3594043142936716,0.3594043142936716,0.16219856215934847
2023-10-13 04:00:00,-0.16939176342902318,0.19342202,0.3628137829106821,0.3628137829106821,0.16939176342902318
2023-10-16 04:00:00,-0.18005567895238883,0.19139233,0.3714480112678338,0.3714480112678338,0.18005567895238883
2023-10-17 04:00:00,-0.16299221907430894,0.19178489,0.3547771075802446,0.3547771075802446,0.16299221907430894
2023-10-18 04:00:00,-0.13317823462011447,0.18892018,0.3220984195900165,0.3220984195900165,0.13317823462011447
2023-10-19 04:00:00,-0.06741700981464493,0.18418199,0.25159899805393326,0.25159899805393326,0.06741700981464493
2023-10-20 04:00:00,-0.02237209549734498,0.183878,0.20625010004827882,0.20625010004827882,0.02237209549734498
2023-10-23 04:00:00,-0.07193409530088068,0.16307187,0.2350059661047137,0.2350059661047137,0.07193409530088068
2023-10-24 04:00:00,-0.07517438872864446,0.17420347,0.2493778590779563,0.2493778590779563,0.07517438872864446
2023-10-25 04:00:00,-0.03234110066575724,0.17326297,0.20560406932515818,0.20560406932515818,0.03234110066575724
2023-10-26 04:00:00,0.06012134058728069,0.17460495,0.11448361174807697,0.11448361174807697,0.06012134058728069
2023-10-27 04:00:00,0.05927870799955137,0.17804405,0.11876534293237917,0.11876534293237917,0.05927870799955137
2023-10-30 04:00:00,0.10527439133166006,0.18174773,0.07647334321500132,0.07647334321500132,0.10527439133166006
2023-10-31 04:00:00,0.1009792782557879,0.1998612,0.09888192040792365,0.09888192040792365,0.1009792782557879
2023-11-01 04:00:00,0.07694841979072375,0.20768717,0.13073874952270703,0.13073874952270703,0.07694841979072375
2023-11-02 04:00:00,-0.039819487199782344,0.21374893,0.25356841908454797,0.25356841908454797,0.039819487199782344
2023-11-03 04:00:00,-0.02443697592690519,0.21736461,0.2418015851683908,0.2418015851683908,0.02443697592690519
2023-11-06 05:00:00,0.020046733589946797,0.22700354,0.2069568109790687,0.2069568109790687,0.020046733589946797
2023-11-07 05:00:00,0.06630078852450172,0.21557286,0.14927207529271325,0.14927207529271325,0.06630078852450172
2023-11-08 05:00:00,0.0892300177835077,0.18573484,0.0965048204637915,0.0965048204637915,0.0892300177835077
2023-11-09 05:00:00,0.1065551584012816,0.13779831,0.031243150924890273,0.031243150924890273,0.1065551584012816
2023-11-10 05:00:00,0.08759359230291519,0.105863914,0.018270321590784455,0.018270321590784455,0.08759359230291519
2023-11-13 05:00:00,0.051784877448405986,0.05937589,0.007591012150917287,0.007591012150917287,0.051784877448405986
2023-11-14 05:00:00,0.015837832487805237,0.042586625,0.026748792134539734,0.026748792134539734,0.015837832487805237
2023-11-15 05:00:00,-0.0361845977155717,0.052865256,0.08904985333962756,0.08904985333962756,0.0361845977155717
2023-11-16 05:00:00,0.007931137587092962,0.0725593,0.06462815949771539,0.06462815949771539,0.007931137587092962
2023-11-17 05:00:00,0.00756837985201031,0.091252886,0.08368450590686649,0.08368450590686649,0.00756837985201031
2023-11-20 05:00:00,0.04611861763899672,0.091686055,0.04556743742520464,0.04556743742520464,0.04611861763899672
2023-11-21 05:00:00,0.012115376541012246,0.10032057,0.08820519362986712,0.08820519362986712,0.012115376541012246
2023-11-22 05:00:00,0.024754031292641088,0.097599216,0.07284518451288946,0.07284518451288946,0.024754031292641088
2023-11-24 05:00:00,0.014253445707186785,0.10024564,0.08599219397462932,0.08599219397462932,0.014253445707186785
2023-11-27 05:00:00,-0.0021201720875838603,0.102799445,0.10491961747828515,0.10491961747828515,0.0021201720875838603
2023-11-28 05:00:00,-0.032962773193760064,0.11102697,0.1439897457260324,0.1439897457260324,0.032962773193760064
2023-11-29 05:00:00,-0.019731377151946283,0.11402451,0.1337558896217148,0.1337558896217148,0.019731377151946283
2023-11-30 05:00:00,0.01060665210590006,0.13175607,0.12114941517010092,0.12114941517010092,0.01060665210590006
2023-12-01 05:00:00,0.020760248044422447,0.14444453,0.12368427719742936,0.12368427719742936,0.020760248044422447
2023-12-04 05:00:00,0.017504459388782756,0.15590946,0.13840500437445424,0.13840500437445424,0.017504459388782756
2023-12-05 05:00:00,-0.007189010968048137,0.16529387,0.17248288332446293,0.17248288332446293,0.007189010968048137
2023-12-06 05:00:00,-0.0003342741559269058,0.16250885,0.16284311948521157,0.16284311948521157,0.0003342741559269058
2023-12-07 05:00:00,0.034073273771825896,0.16265383,0.1285805598558749,0.1285805598558749,0.034073273771825896
2023-12-08 05:00:00,0.03885156555144942,0.16940051,0.13054894762070024,0.13054894762070024,0.03885156555144942
2023-12-11 05:00:00,0.05019147902084331,0.17769223,0.1275007554953005,0.1275007554953005,0.05019147902084331
2023-12-12 05:00:00,0.08182944342281306,0.18378134,0.10195189729545628,0.10195189729545628,0.08182944342281306
2023-12-13 05:00:00,0.032278797772611334,0.18838334,0.15610454306295996,0.15610454306295996,0.032278797772611334
2023-12-14 05:00:00,0.01364870135388685,0.1906698,0.1770211034575908,0.1770211034575908,0.01364870135388685
2023-12-15 05:00:00,-0.003794197606065808,0.1812725,0.185066704319933,0.185066704319933,0.003794197606065808
2023-12-18 05:00:00,0.01781086078627858,0.1826469,0.16483603962914195,0.16483603962914195,0.01781086078627858
2023-12-19 05:00:00,0.016273066426246707,0.18407875,0.16780568656829065,0.16780568656829065,0.016273066426246707
2023-12-20 05:00:00,0.02414569407339684,0.19191885,0.16777315587167152,0.16777315587167152,0.02414569407339684
2023-12-21 05:00:00,-0.0239384937845859,0.20028573,0.22422422653071017,0.22422422653071017,0.0239384937845859
2023-12-22 05:00:00,-0.01644877067992656,0.20511195,0.2215607213158366,0.2215607213158366,0.01644877067992656
2023-12-26 05:00:00,-0.07339773355316215,0.20760232,0.28100005565475517,0.28100005565475517,0.07339773355316215
2023-12-27 05:00:00,-0.09422833902968719,0.21276763,0.3069959698451932,0.3069959698451932,0.09422833902968719
2023-12-28 05:00:00,-0.06397512882460976,0.21380207,0.27777719825019265,0.27777719825019265,0.06397512882460976
2023-12-29 05:00:00,-0.03285018717417998,0.22231165,0.25516183292041106,0.25516183292041106,0.03285018717417998
2024-01-02 05:00:00,-0.05570553928037025,0.22481132,0.2805168548168693,0.2805168548168693,0.05570553928037025
2024-01-03 05:00:00,-0.01909494928732336,0.22449738,0.2435923271597904,0.2435923271597904,0.01909494928732336
2024-01-04 05:00:00,-0.046057765466156475,0.22431552,0.2703732895674138,0.2703732895674138,0.046057765466156475
2024-01-05 05:00:00,-0.08155622271850316,0.22417626,0.3057324805672428,0.3057324805672428,0.08155622271850316
2024-01-08 05:00:00,-0.08929376663629096,0.22712377,0.3164175337738184,0.3164175337738184,0.08929376663629096
2024-01-09 05:00:00,-0.08622240011372728,0.22679383,0.3130162257401006,0.3130162257401006,0.08622240011372728
2024-01-10 05:00:00,-0.09904458293709162,0.22656369,0.3256082750299871,0.3256082750299871,0.09904458293709162
2024-01-11 05:00:00,-0.06843660529233553,0.22642258,0.2948591833887253,0.2948591833887253,0.06843660529233553
2024-01-12 05:00:00,-0.04719244711248738,0.22135162,0.26854407064764363,0.26854407064764363,0.04719244711248738
2024-01-16 05:00:00,-0.050214507143465426,0.20720795,0.25742245511290207,0.25742245511290207,0.050214507143465426
2024-01-17 05:00:00,-0.03647246870981835,0.22204992,0.2585223904608407,0.2585223904608407,0.03647246870981835
2024-01-18 05:00:00,-0.14855782478146295,0.24657768,0.39513550489239435,0.39513550489239435,0.14855782478146295
2024-01-19 05:00:00,-0.14663077045500295,0.25998414,0.4066149060827495,0.4066149060827495,0.14663077045500295
2024-01-22 05:00:00,-0.08947004025956318,0.26696125,0.35643128698846027,0.35643128698846027,0.08947004025956318
2024-01-23 05:00:00,-0.08764622825845692,0.27290332,0.36054955143197986,0.36054955143197986,0.08764622825845692
2024-01-24 05:00:00,-0.10406226474700908,0.27530366,0.3793659265702818,0.3793659265702818,0.10406226474700908
2024-01-25 05:00:00,0.03354372812664863,0.2792162,0.24567247198664788,0.24567247198664788,0.03354372812664863
2024-01-26 05:00:00,0.025111803522935183,0.27984798,0.2547361760226581,0.2547361760226581,0.025111803522935183
2024-01-29 05:00:00,-0.05307837580128716,0.28416225,0.33724062894269036,0.33724062894269036,0.05307837580128716
2024-01-30 05:00:00,-0.03446140043999435,0.29799017,0.3324515735414195,0.3324515735414195,0.03446140043999435
2024-01-31 05:00:00,0.0015472489479320117,0.30673397,0.30518671692578625,0.30518671692578625,0.0015472489479320117
2024-02-01 05:00:00,0.0036995811533646616,0.30607492,0.3023753361630721,0.3023753361630721,0.0036995811533646616
2024-02-02 05:00:00,0.02967609770532942,0.30760834,0.27793223850492144,0.27793223850492144,0.02967609770532942
2024-02-05 05:00:00,0.03830478461416664,0.31224823,0.2739434453663021,0.2739434453663021,0.03830478461416664
2024-02-06 05:00:00,-0.005851781982015858,0.31853187,0.32438365282399584,0.32438365282399584,0.005851781982015858
2024-02-07 05:00:00,0.0060060498764480386,0.33487278,0.32886673235392916,0.32886673235392916,0.0060060498764480386
2024-02-08 05:00:00,0.055859239643926806,0.34952506,0.2936658245860384,0.2936658245860384,0.055859239643926806
2024-02-09 05:00:00,0.032428078035197316,0.3559024,0.32347432555786604,0.32347432555786604,0.032428078035197316
2024-02-12 05:00:00,0.029487012276931956,0.35827076,0.32878375207395916,0.32878375207395916,0.029487012276931956
2024-02-13 05:00:00,0.05677492660614991,0.36021876,0.3034438367452905,0.3034438367452905,0.05677492660614991
2024-02-14 05:00:00,0.04507132210965459,0.35780734,0.31273601612810786,0.31273601612810786,0.04507132210965459
2024-02-15 05:00:00,-0.043225707685681236,0.3592545,0.4024802168962678,0.4024802168962678,0.043225707685681236
2024-02-16 05:00:00,-0.002754493111891243,0.35283604,0.3555905357544846,0.3555905357544846,0.002754493111891243
2024-02-20 05:00:00,0.030346181631466962,0.32598984,0.295643660783389,0.295643660783389,0.030346181631466962
2024-02-21 05:00:00,0.03664626719172759,0.29607978,0.25943351744000154,0.25943351744000154,0.03664626719172759
2024-02-22 05:00:00,0.022390682830413233,0.26259205,0.2402013646225134,0.2402013646225134,0.022390682830413233
2024-02-23 05:00:00,0.05409188650311947,0.23531443,0.18122254230318546,0.18122254230318546,0.05409188650311947
2024-02-26 05:00:00,-0.05812646361866047,0.21361992,0.27174638124980977,0.27174638124980977,0.05812646361866047
2024-02-27 05:00:00,-0.09990686821945705,0.20755905,0.30746591734894313,0.30746591734894313,0.09990686821945705
2024-02-28 05:00:00,-0.1349182228076682,0.2024211,0.3373393217551932,0.3373393217551932,0.1349182228076682
2024-02-29 05:00:00,-0.12224493535400516,0.21740395,0.3396488836610425,0.3396488836610425,0.12224493535400516
2024-03-01 05:00:00,-0.1447040774067423,0.22600055,0.3707046248157999,0.3707046248157999,0.1447040774067423
2024-03-04 05:00:00,-0.05669575933143278,0.23494539,0.2916411459796109,0.2916411459796109,0.05669575933143278
2024-03-05 05:00:00,-0.01786366704234954,0.22719043,0.24505410197505828,0.24505410197505828,0.01786366704234954
2024-03-06 05:00:00,-0.04081254101267273,0.21806124,0.2588737795399707,0.2588737795399707,0.04081254101267273
2024-03-07 05:00:00,-0.09475054853497156,0.19436768,0.28911822550831445,0.28911822550831445,0.09475054853497156
2024-03-08 05:00:00,-0.0694858472269706,0.1766815,0.2461673508804969,0.2461673508804969,0.0694858472269706
2024-03-11 04:00:00,-0.02258537357792534,0.16167665,0.184262018856856,0.184262018856856,0.02258537357792534
2024-03-12 04:00:00,-0.03566270232523561,0.1533201,0.1889828062089789,0.1889828062089789,0.03566270232523561
2024-03-13 04:00:00,0.0358154287875605,0.14906678,0.11325134724965569,0.11325134724965569,0.0358154287875605
2024-03-14 04:00:00,0.06157263102408006,0.15209204,0.09051940856103347,0.09051940856103347,0.06157263102408006
2024-03-15 04:00:00,0.04342784262983734,0.14976332,0.10633547328622406,0.10633547328622406,0.04342784262983734
2024-03-18 04:00:00,-0.006754626277012399,0.13681166,0.14356628501705604,0.14356628501705604,0.006754626277012399
2024-03-19 04:00:00,0.03639469124302863,0.12886077,0.09246608041300775,0.09246608041300775,0.03639469124302863
2024-03-20 04:00:00,0.023461641022563207,0.11293122,0.08946958070099331,0.08946958070099331,0.023461641022563207
2024-03-21 04:00:00,0.017039429825383756,0.06588691,0.04884747745410767,0.04884747745410767,0.017039429825383756
2024-03-22 04:00:00,0.025373413527361777,0.042944975,0.01757156166995344,0.01757156166995344,0.025373413527361777
2024-03-25 04:00:00,-0.03537478925944715,0.029402487,0.06477727623940854,0.06477727623940854,0.03537478925944715
2024-03-26 04:00:00,-0.0537045278335988,0.025958106,0.0796626337553441,0.0796626337553441,0.0537045278335988
2024-03-27 04:00:00,-0.04970534224835621,0.022940412,0.07264575441209065,0.07264575441209065,0.04970534224835621
2024-03-28 04:00:00,-0.0639508700671394,0.03418053,0.09813139948274685,0.09813139948274685,0.0639508700671394
2024-04-01 04:00:00,-0.012866378025702119,0.05710587,0.06997224708049643,0.06997224708049643,0.012866378025702119
2024-04-02 04:00:00,0.059695749300564316,0.07812506,0.01842931030408046,0.01842931030408046,0.059695749300564316
2024-04-03 04:00:00,0.01987476268061439,0.104906484,0.08503172180405816,0.08503172180405816,0.01987476268061439
2024-04-04 04:00:00,0.020191050251743725,0.10737366,0.08718261204121358,0.08718261204121358,0.020191050251743725
2024-04-05 04:00:00,0.0366167367128174,0.11114824,0.07453150146925047,0.07453150146925047,0.0366167367128174
2024-04-08 04:00:00,-0.06879468665260724,0.12158052,0.19037520543474606,0.19037520543474606,0.06879468665260724
2024-04-09 04:00:00,-0.11852536331004337,0.10855775,0.2270831165749474,0.2270831165749474,0.11852536331004337
2024-04-10 04:00:00,-0.09977400471590148,0.11437933,0.2141533361854373,0.2141533361854373,0.09977400471590148
2024-04-11 04:00:00,-0.15232920870674693,0.1287871,0.2811163090218409,0.2811163090218409,0.15232920870674693
2024-04-12 04:00:00,-0.1511832435117313,0.13381077,0.2849940170035907,0.2849940170035907,0.1511832435117313
2024-04-15 04:00:00,-0.12820213974271244,0.14187588,0.27007801771913,0.27007801771913,0.12820213974271244
2024-04-16 04:00:00,-0.08242184438405253,0.14472131,0.22714315869508006,0.22714315869508006,0.08242184438405253
2024-04-17 04:00:00,0.04207439580562955,0.13676769,0.09469328960773105,0.09469328960773105,0.04207439580562955
2024-04-18 04:00:00,0.12668818772745194,0.12449157,-0.0021966153473860217,0.0021966153473860217,0.12668818772745194
2024-04-19 04:00:00,0.13491595607714935,0.12758456,-0.007331394371560052,0.007331394371560052,0.13491595607714935
2024-04-22 04:00:00,0.31193674375768765,0.1316499,-0.18028684725519284,0.18028684725519284,0.31193674375768765
2024-04-23 04:00:00,0.23649067502460053,0.14512254,-0.09136813204726746,0.09136813204726746,0.23649067502460053
2024-04-24 04:00:00,0.10450281163203368,0.14383386,0.03933104912293306,0.03933104912293306,0.10450281163203368
2024-04-25 04:00:00,0.056155717003389505,0.10568015,0.04952443577046761,0.04952443577046761,0.056155717003389505
2024-04-26 04:00:00,0.0738575760919522,0.085025504,0.011167928139500738,0.011167928139500738,0.0738575760919522
2024-04-29 04:00:00,-0.04905821771051677,0.080249615,0.12930783272411617,0.12930783272411617,0.04905821771051677
2024-04-30 04:00:00,-0.03029948074748745,0.07503341,0.1053328921311163,0.1053328921311163,0.03029948074748745
2024-05-01 04:00:00,-0.029716624767496036,0.14206983,0.1717864562580127,0.1717864562580127,0.029716624767496036
2024-05-02 04:00:00,-0.04569232429227288,0.17200449,0.21769681538304742,0.21769681538304742,0.04569232429227288
2024-05-03 04:00:00,-0.0727885182783723,0.1865272,0.25931571087099314,0.25931571087099314,0.0727885182783723
2024-05-06 04:00:00,-0.07220292204181611,0.16658959,0.23879250996868073,0.23879250996868073,0.07220292204181611
2024-05-07 04:00:00,-0.0014632741601774413,0.14672849,0.14819175998285505,0.14819175998285505,0.0014632741601774413
2024-05-08 04:00:00,-0.004186841672817465,0.15744714,0.16163398606197,0.16163398606197,0.004186841672817465
2024-05-09 04:00:00,0.016551198955166768,0.16605067,0.14949947357596116,0.14949947357596116,0.016551198955166768
2024-05-10 04:00:00,0.05198756959638917,0.16018206,0.10819448921479857,0.10819448921479857,0.05198756959638917
2024-05-13 04:00:00,0.0176454675808575,0.15789956,0.14025409096330144,0.14025409096330144,0.0176454675808575
2024-05-14 04:00:00,0.04971504454507247,0.14654642,0.09683137889013871,0.09683137889013871,0.04971504454507247
2024-05-15 04:00:00,0.03456992086738975,0.13531709,0.10074716630607217,0.10074716630607217,0.03456992086738975
2024-05-16 04:00:00,-0.006311288600697296,0.13957101,0.14588229966713406,0.14588229966713406,0.006311288600697296
2024-05-17 04:00:00,0.009980451324597794,0.1478033,0.13782285525499205,0.13782285525499205,0.009980451324597794
2024-05-20 04:00:00,0.010236103406585428,0.14643641,0.13620030475553158,0.13620030475553158,0.010236103406585428
2024-05-21 04:00:00,-0.057404349063124194,0.151887,0.20929134867021038,0.20929134867021038,0.057404349063124194
2024-05-22 04:00:00,-0.007355883525701934,0.15173383,0.15908971409687656,0.15908971409687656,0.007355883525701934
2024-05-23 04:00:00,0.024672937360510794,0.15802267,0.1333497345774317,0.1333497345774317,0.024672937360510794
2024-05-24 04:00:00,-0.01659539235148788,0.16547553,0.18207092476401687,0.18207092476401687,0.01659539235148788
2024-05-28 04:00:00,-0.011265456552220776,0.16157964,0.1728450952717795,0.1728450952717795,0.011265456552220776
2024-05-29 04:00:00,-0.0067769981356908815,0.1639896,0.17076660165513058,0.17076660165513058,0.0067769981356908815
2024-05-30 04:00:00,-0.004765466675023866,0.16333349,0.16809895716593726,0.16809895716593726,0.004765466675023866
2024-05-31 04:00:00,-0.003374995371643763,0.15971583,0.1630908266513984,0.1630908266513984,0.003374995371643763
2024-06-03 04:00:00,-0.014282693068857988,0.16274005,0.1770227448152264,0.1770227448152264,0.014282693068857988
2024-06-04 04:00:00,-0.023797553657512793,0.15997645,0.18377400624654783,0.18377400624654783,0.023797553657512793
2024-06-05 04:00:00,0.013000798117366763,0.15910071,0.14609991322830584,0.14609991322830584,0.013000798117366763
2024-06-06 04:00:00,0.025139354101316513,0.15824968,0.13311032212625307,0.13311032212625307,0.025139354101316513
2024-06-07 04:00:00,0.0029817951928086117,0.15667441,0.15369261968031456,0.15369261968031456,0.0029817951928086117
2024-06-10 04:00:00,0.07561117207996837,0.15360968,0.07799850606925496,0.07799850606925496,0.07561117207996837
2024-06-11 04:00:00,0.07992549057137932,0.1566399,0.0767144132124189,0.0767144132124189,0.07992549057137932
2024-06-12 04:00:00,0.023854522579958015,0.15481007,0.1309555484115581,0.1309555484115581,0.023854522579958015
2024-06-13 04:00:00,0.0029549835032129934,0.15469727,0.1517422856980657,0.1517422856980657,0.0029549835032129934
2024-06-14 04:00:00,0.025348745535112904,0.14174184,0.11639309649636598,0.11639309649636598,0.025348745535112904
2024-06-17 04:00:00,-0.00048024940669932903,0.14929184,0.1497720925825874,0.1497720925825874,0.00048024940669932903
2024-06-18 04:00:00,0.06040182475844169,0.14859651,0.08819468553265786,0.08819468553265786,0.06040182475844169
2024-06-20 04:00:00,0.08369213509398232,0.14769685,0.06400471759003867,0.06400471759003867,0.08369213509398232
2024-06-21 04:00:00,0.07812004489359037,0.1499064,0.07178635197225436,0.07178635197225436,0.07812004489359037
2024-06-24 04:00:00,0.13925220147242445,0.14883076,0.00957855507264238,0.00957855507264238,0.13925220147242445
2024-06-25 04:00:00,0.21056403712977811,0.14626783,-0.06429620580424711,0.06429620580424711,0.21056403712977811
2024-06-26 04:00:00,0.22691503404626445,0.14951816,-0.07739687203416423,0.07739687203416423,0.22691503404626445
2024-06-27 04:00:00,0.24218909651258524,0.14616077,-0.09602833003023203,0.09602833003023203,0.24218909651258524
2024-06-28 04:00:00,0.24549150506881467,0.15254304,-0.09294846693900816,0.09294846693900816,0.24549150506881467
2024-07-01 04:00:00,0.22316255736369683,0.16011037,-0.06305218803901269,0.06305218803901269,0.22316255736369683
2024-07-02 04:00:00,0.1295995791446236,0.16145305,0.03185347421059337,0.03185347421059337,0.1295995791446236
2024-07-03 04:00:00,-0.021994241936263315,0.16466913,0.18666336820846485,0.18666336820846485,0.021994241936263315
2024-07-05 04:00:00,-0.013166807706910255,0.16054696,0.17371376615341294,0.17371376615341294,0.013166807706910255
2024-07-08 04:00:00,-0.001186768012508388,0.17311034,0.17429710407780075,0.17429710407780075,0.001186768012508388
2024-07-09 04:00:00,-0.022240656132864522,0.193674,0.21591465425031142,0.21591465425031142,0.022240656132864522
2024-07-10 04:00:00,-0.05769932855556004,0.20215327,0.25985259403178684,0.25985259403178684,0.05769932855556004
2024-07-11 04:00:00,0.03345474575090801,0.21407852,0.18062377001714314,0.18062377001714314,0.03345474575090801
2024-07-12 04:00:00,-0.03705570920220502,0.26663923,0.30369494183770307,0.30369494183770307,0.03705570920220502
2024-07-15 04:00:00,-0.004482819751435052,0.26797622,0.2724590441738899,0.2724590441738899,0.004482819751435052
2024-07-16 04:00:00,-0.04048746651692614,0.25975242,0.3002398890881084,0.3002398890881084,0.04048746651692614
2024-07-17 04:00:00,-0.14021070978802896,0.26902992,0.40924062512082315,0.40924062512082315,0.14021070978802896
2024-07-18 04:00:00,-0.12361288294138983,0.262982,0.38659489378275946,0.38659489378275946,0.12361288294138983
2024-07-19 04:00:00,-0.08458195346452246,0.2521664,0.3367483438835288,0.3367483438835288,0.08458195346452246
2024-07-22 04:00:00,-0.08031438876268915,0.25039434,0.33070873309252313,0.33070873309252313,0.08031438876268915
2024-07-23 04:00:00,-0.10140881922036193,0.22852364,0.3299324610450842,0.3299324610450842,0.10140881922036193
2024-07-24 04:00:00,0.07180694610639815,0.2237128,0.15190585582689042,0.15190585582689042,0.07180694610639815
2024-07-25 04:00:00,-0.015511277957757308,0.2428455,0.25835678343375523,0.25835678343375523,0.015511277957757308
2024-07-26 04:00:00,-0.05676778331601806,0.22682852,0.28359629884565063,0.28359629884565063,0.05676778331601806
2024-07-29 04:00:00,-0.1544666872633611,0.21655187,0.37101855737101186,0.37101855737101186,0.1544666872633611
2024-07-30 04:00:00,-0.10395400572915126,0.19652045,0.3004744534601693,0.3004744534601693,0.10395400572915126
2024-07-31 04:00:00,-0.19079452037496125,0.20693034,0.3977248597113565,0.3977248597113565,0.19079452037496125
2024-08-01 04:00:00,-0.08675152404942743,0.18512361,0.2718751315657162,0.2718751315657162,0.08675152404942743
2024-08-02 04:00:00,-0.03763290598971469,0.19397748,0.2316103811560355,0.2316103811560355,0.03763290598971469
2024-08-05 04:00:00,-0.007013674351160404,0.20057344,0.20758711871761548,0.20758711871761548,0.007013674351160404
2024-08-06 04:00:00,0.03520819223879723,0.2121666,0.1769584151411161,0.1769584151411161,0.03520819223879723
2024-08-07 04:00:00,0.04894913325413697,0.21060508,0.16165595164195068,0.16165595164195068,0.04894913325413697
2024-08-08 04:00:00,0.07412954107077407,0.21266091,0.13853136762826157,0.13853136762826157,0.07412954107077407
2024-08-09 04:00:00,0.07751641983476709,0.23837116,0.16085474377187658,0.16085474377187658,0.07751641983476709
2024-08-12 04:00:00,0.12022740466415005,0.2567332,0.13650580423057956,0.13650580423057956,0.12022740466415005
2024-08-13 04:00:00,0.06189466882729722,0.2590645,0.19716982673620986,0.19716982673620986,0.06189466882729722
2024-08-14 04:00:00,0.10318812581196557,0.2583212,0.15513307002887,0.15513307002887,0.10318812581196557
2024-08-15 04:00:00,-0.016384527087502043,0.25934526,0.2757297903302236,0.2757297903302236,0.016384527087502043
2024-08-16 04:00:00,0.019247281841090036,0.26979873,0.25055144400233953,0.25055144400233953,0.019247281841090036
2024-08-19 04:00:00,-0.04363775563057182,0.2812498,0.3248875470143151,0.3248875470143151,0.04363775563057182
2024-08-20 04:00:00,-0.055276551181549394,0.2931503,0.34842685692953523,0.34842685692953523,0.055276551181549394
2024-08-21 04:00:00,-0.081719980989015,0.29780987,0.3795298500399946,0.3795298500399946,0.081719980989015
2024-08-22 04:00:00,-0.02101101352731849,0.28930727,0.31031828000108863,0.31031828000108863,0.02101101352731849
2024-08-23 04:00:00,-0.028591163722162527,0.27941477,0.30800593670952825,0.30800593670952825,0.028591163722162527
2024-08-26 04:00:00,-0.012316998314940264,0.26135325,0.27367025263317757,0.27367025263317757,0.012316998314940264
2024-08-27 04:00:00,0.047603578057493934,0.24342749,0.1958239071700909,0.1958239071700909,0.047603578057493934
2024-08-28 04:00:00,0.11215631882319599,0.22865286,0.11649654587139935,0.11649654587139935,0.11215631882319599
2024-08-29 04:00:00,0.02134320966948966,0.22558776,0.204244545772176,0.204244545772176,0.02134320966948966
2024-08-30 04:00:00,0.010037742338083078,0.22723499,0.21719724706659527,0.21719724706659527,0.010037742338083078
2024-09-03 04:00:00,0.07132629211436825,0.23621684,0.1648905510138361,0.1648905510138361,0.07132629211436825
2024-09-04 04:00:00,0.03897352096385198,0.23331773,0.19434421184712214,0.19434421184712214,0.03897352096385198
2024-09-05 04:00:00,-0.0015652884351462504,0.240798,0.24236328495614234,0.24236328495614234,0.0015652884351462504
2024-09-06 04:00:00,0.088761682171409,0.23677516,0.14801347766440642,0.14801347766440642,0.088761682171409
2024-09-09 04:00:00,0.047452732321116464,0.217942,0.17048926711430834,0.17048926711430834,0.047452732321116464
2024-09-10 04:00:00,0.007488348680154466,0.2181674,0.21067904571948848,0.21067904571948848,0.007488348680154466
2024-09-11 04:00:00,-0.004084989893460289,0.20639959,0.2104845796704531,0.2104845796704531,0.004084989893460289
2024-09-12 04:00:00,0.05958742522798666,0.1964705,0.13688307381070963,0.13688307381070963,0.05958742522798666
2024-09-13 04:00:00,0.03398118742835532,0.18246146,0.14848026803600778,0.14848026803600778,0.03398118742835532
2024-09-16 04:00:00,0.09748053870131557,0.18182042,0.0843398837096494,0.0843398837096494,0.09748053870131557
2024-09-17 04:00:00,0.10962144189534673,0.18140945,0.07178800648989192,0.07178800648989192,0.10962144189534673
2024-09-18 04:00:00,0.12332318671899856,0.17570437,0.052381188190402383,0.052381188190402383,0.12332318671899856
2024-09-19 04:00:00,0.041359743495066326,0.17315784,0.13179809747211202,0.13179809747211202,0.041359743495066326
2024-09-20 04:00:00,0.08912872319820409,0.16684824,0.07771951908466335,0.07771951908466335,0.08912872319820409
2024-09-23 04:00:00,0.045470392707803065,0.17434075,0.12887036203958768,0.12887036203958768,0.045470392707803065
2024-09-24 04:00:00,0.014640347346324134,0.17317398,0.15853363157842715,0.15853363157842715,0.014640347346324134
2024-09-25 04:00:00,-0.031620628452595945,0.17961085,0.2112314768794148,0.2112314768794148,0.031620628452595945
2024-09-26 04:00:00,-0.05481487444132327,0.18707937,0.24189424446314334,0.24189424446314334,0.05481487444132327
2024-09-27 04:00:00,-0.04066839173747372,0.20525119,0.24591957882357907,0.24591957882357907,0.04066839173747372
2024-09-30 04:00:00,-0.08284001257470575,0.20137873,0.28421874549439874,0.28421874549439874,0.08284001257470575
2024-10-01 04:00:00,-0.053821749802696495,0.20179114,0.2556128872595904,0.2556128872595904,0.053821749802696495
2024-10-02 04:00:00,-0.0325288381694655,0.21407157,0.24660040999640032,0.24660040999640032,0.0325288381694655
2024-10-03 04:00:00,-0.007884400847465223,0.21763057,0.2255149660139386,0.2255149660139386,0.007884400847465223
2024-10-04 04:00:00,-0.13820364948443853,0.21142736,0.3496310102575251,0.3496310102575251,0.13820364948443853
2024-10-07 04:00:00,-0.09428922461537592,0.2019848,0.2962740175631451,0.2962740175631451,0.09428922461537592
2024-10-08 04:00:00,-0.10754418727658077,0.20548329,0.3130274748494415,0.3130274748494415,0.10754418727658077
2024-10-09 04:00:00,-0.08534958478498478,0.20431602,0.28966560479688663,0.28966560479688663,0.08534958478498478
2024-10-10 04:00:00,-0.077835926093905,0.2068595,0.2846954253099847,0.2846954253099847,0.077835926093905
2024-10-11 04:00:00,0.013227074924457405,0.20991051,0.19668343704606261,0.19668343704606261,0.013227074924457405
2024-10-14 04:00:00,-0.0014154818540275116,0.22320682,0.2246222999578178,0.2246222999578178,0.0014154818540275116
2024-10-15 04:00:00,-0.0073136773975983616,0.21842602,0.22573969635092173,0.22573969635092173,0.0073136773975983616
2024-10-16 04:00:00,-0.03531567520470613,0.20935702,0.24467269844384187,0.24467269844384187,0.03531567520470613
2024-10-17 04:00:00,0.16486128770582908,0.21004209,0.04518080151803261,0.04518080151803261,0.16486128770582908
2024-10-18 04:00:00,0.19861315961246895,0.21247932,0.013866163536258469,0.013866163536258469,0.19861315961246895
2024-10-21 04:00:00,0.18190262221919173,0.22177985,0.03987723088635331,0.03987723088635331,0.18190262221919173
2024-10-22 04:00:00,0.17447628435303741,0.24538752,0.07091124001334137,0.07091124001334137,0.17447628435303741
2024-10-23 04:00:00,0.18687469509263988,0.27106243,0.08418773862699513,0.08418773862699513,0.18687469509263988
2024-10-24 04:00:00,-0.041665362772484116,0.28232995,0.32399530952884703,0.32399530952884703,0.041665362772484116
2024-10-25 04:00:00,-0.07804490425374677,0.31106696,0.38911185958173444,0.38911185958173444,0.07804490425374677
2024-10-28 04:00:00,-0.07788643856323674,0.29655784,0.3744442822483869,0.3744442822483869,0.07788643856323674
2024-10-29 04:00:00,-0.03162932639477578,0.26924923,0.300878557018021,0.300878557018021,0.03162932639477578
2024-10-30 04:00:00,0.11358523383153685,0.23291185,0.11932662115083925,0.11932662115083925,0.11358523383153685
2024-10-31 04:00:00,0.17256831269184847,0.21026266,0.03769434352000456,0.03769434352000456,0.17256831269184847
2024-11-01 04:00:00,0.25475369564117667,0.21877387,-0.035979823980944126,0.035979823980944126,0.25475369564117667
2024-11-04 05:00:00,0.36553037930156407,0.22191519,-0.1436151938500565,0.1436151938500565,0.36553037930156407
2024-11-05 05:00:00,0.26730196413316687,0.22441044,-0.042891519635104736,0.042891519635104736,0.26730196413316687
2024-11-06 05:00:00,0.1350205708354597,0.21166071,0.0766401421219225,0.0766401421219225,0.1350205708354597
2024-11-07 05:00:00,0.04694242443911456,0.17954212,0.13259969983227826,0.13259969983227826,0.04694242443911456
2024-11-08 05:00:00,-0.0015577782945745966,0.18520616,0.18676393824387727,0.18676393824387727,0.0015577782945745966
2024-11-11 05:00:00,-0.03270033184974874,0.18652064,0.2192209679314443,0.2192209679314443,0.03270033184974874
2024-11-12 05:00:00,0.051932408725548385,0.14965844,0.09772603281803072,0.09772603281803072,0.051932408725548385
2024-11-13 05:00:00,0.03507881566289761,0.22018716,0.18510834172960422,0.18510834172960422,0.03507881566289761
2024-11-14 05:00:00,0.08751477691057197,0.22648975,0.13897497562047967,0.13897497562047967,0.08751477691057197
2024-11-15 05:00:00,0.0946523414685494,0.26476973,0.17011739148356853,0.17011739148356853,0.0946523414685494
2024-11-18 05:00:00,-0.000442897559268296,0.25635383,0.25679672289000255,0.25679672289000255,0.000442897559268296
2024-11-19 05:00:00,-0.02271260513712825,0.24572214,0.2684347499792761,0.2684347499792761,0.02271260513712825
2024-11-20 05:00:00,-0.027086299861874608,0.25939998,0.2864862801685,0.2864862801685,0.027086299861874608
2024-11-21 05:00:00,0.016121811989528112,0.27459154,0.2584697233402906,0.2584697233402906,0.016121811989528112
2024-11-22 05:00:00,0.012767026983539154,0.27189806,0.25913103405352444,0.25913103405352444,0.012767026983539154
2024-11-25 05:00:00,0.0371922024652358,0.25647146,0.21927925263196268,0.21927925263196268,0.0371922024652358
2024-11-26 05:00:00,0.05661124617250923,0.26057297,0.20396172374097343,0.20396172374097343,0.05661124617250923
2024-11-27 05:00:00,0.10431150090969066,0.24700996,0.14269846188747426,0.14269846188747426,0.10431150090969066
2024-11-29 05:00:00,0.12013665133930296,0.24514922,0.12501257365726381,0.12501257365726381,0.12013665133930296
2024-12-02 05:00:00,0.08762031389214098,0.23107868,0.1434583704378456,0.1434583704378456,0.08762031389214098
2024-12-03 05:00:00,0.13195433744629526,0.21922281,0.08726847639838553,0.08726847639838553,0.13195433744629526
2024-12-04 05:00:00,0.17121040400770227,0.22754097,0.056330565840930547,0.056330565840930547,0.17121040400770227
2024-12-05 05:00:00,0.12359700296817966,0.22027445,0.09667744542659573,0.09667744542659573,0.12359700296817966
2024-12-06 05:00:00,0.1140249127889188,0.20420513,0.09018021278137844,0.09018021278137844,0.1140249127889188
2024-12-09 05:00:00,0.1721620714854062,0.20117393,0.029011859874838564,0.029011859874838564,0.1721620714854062
2024-12-10 05:00:00,0.17955789917982035,0.21255583,0.032997926530476285,0.032997926530476285,0.17955789917982035
2024-12-11 05:00:00,0.035522328812877646,0.20433518,0.1688128540923195,0.1688128540923195,0.035522328812877646
2024-12-12 05:00:00,0.04231145343625631,0.21610516,0.17379370966112528,0.17379370966112528,0.04231145343625631
2024-12-13 05:00:00,-0.035394316834047146,0.23700768,0.2724019943891314,0.2724019943891314,0.035394316834047146
2024-12-16 05:00:00,-0.07259062686531426,0.2500884,0.32267902055351616,0.32267902055351616,0.07259062686531426
2024-12-17 05:00:00,-0.03732359869916735,0.25560033,0.2929239319129735,0.2929239319129735,0.03732359869916735
2024-12-18 05:00:00,0.03131336250350447,0.2708864,0.23957302889778642,0.23957302889778642,0.03131336250350447
2024-12-19 05:00:00,-0.010393856582388672,0.29118022,0.3015740798089359,0.3015740798089359,0.010393856582388672
2024-12-20 05:00:00,-0.008706374580432552,0.2944939,0.30320028823094525,0.30320028823094525,0.008706374580432552
2024-12-23 05:00:00,-0.06416084826013169,0.26220307,0.3263639158012541,0.3263639158012541,0.06416084826013169
2024-12-24 05:00:00,-0.1978960500912379,0.25457838,0.4524744318680476,0.4524744318680476,0.1978960500912379
2024-12-26 05:00:00,-0.10115375047491604,0.23991168,0.3410654259281021,0.3410654259281021,0.10115375047491604
2024-12-27 05:00:00,-0.04892341791365773,0.2439112,0.29283462463591725,0.29283462463591725,0.04892341791365773
2024-12-30 05:00:00,-0.056804800401734745,0.23578623,0.2925910297737593,0.2925910297737593,0.056804800401734745
2024-12-31 05:00:00,-0.02228489003369738,0.22211361,0.24439849934766222,0.24439849934766222,0.02228489003369738
2025-01-02 05:00:00,0.03995258021118797,0.21042743,0.17047485304114662,0.17047485304114662,0.03995258021118797
2025-01-03 05:00:00,-0.01752426998613732,0.20838863,0.2259128965616073,0.2259128965616073,0.01752426998613732
2025-01-06 05:00:00,-0.03639197966765728,0.20528558,0.24167755863379803,0.24167755863379803,0.03639197966765728
2025-01-07 05:00:00,0.08237292449967182,0.20681173,0.12443880159362042,0.12443880159362042,0.08237292449967182
2025-01-08 05:00:00,0.046697253559422336,0.23718968,0.19049242677848355,0.19049242677848355,0.046697253559422336
2025-01-10 05:00:00,0.07738507134515782,0.23846027,0.16107520120542507,0.16107520120542507,0.07738507134515782
2025-01-13 05:00:00,0.050193062260122545,0.21329582,0.16310275511506056,0.16310275511506056,0.050193062260122545
2025-01-14 05:00:00,0.04622065782802398,0.2127161,0.16649544477207368,0.16649544477207368,0.04622065782802398
2025-01-15 05:00:00,-0.03769181885954076,0.2053189,0.24301071682211095,0.24301071682211095,0.03769181885954076
2025-01-16 05:00:00,-0.017650435803440168,0.20418021,0.2218306466322213,0.2218306466322213,0.017650435803440168
2025-01-17 05:00:00,-0.07129833922088125,0.20132595,0.27262429222762563,0.27262429222762563,0.07129833922088125
2025-01-21 05:00:00,-0.06322045204143745,0.19363227,0.2568527269075416,0.2568527269075416,0.06322045204143745
2025-01-22 05:00:00,-0.06470711438456878,0.18678568,0.2514927974204193,0.2514927974204193,0.06470711438456878
2025-01-23 05:00:00,-0.029780967029502392,0.20133397,0.23111493686096907,0.23111493686096907,0.029780967029502392
2025-01-24 05:00:00,-0.004881738747906539,0.19751108,0.2023928156750916,0.2023928156750916,0.004881738747906539
2025-01-27 05:00:00,-0.034505174961097396,0.19503716,0.22954233130455748,0.22954233130455748,0.034505174961097396
2025-01-28 05:00:00,-0.014880712328913859,0.20077714,0.21565785556888883,0.21565785556888883,0.014880712328913859
2025-01-29 05:00:00,-0.028492530200963095,0.19891676,0.22740929326820858,0.22740929326820858,0.028492530200963095
2025-01-30 05:00:00,-0.06705323304794053,0.193939,0.2609922334160588,0.2609922334160588,0.06705323304794053
2025-01-31 05:00:00,-0.11230501659855197,0.19239295,0.3046979618881638,0.3046979618881638,0.11230501659855197
2025-02-03 05:00:00,-0.08979212473874298,0.19344544,0.28323756884579865,0.28323756884579865,0.08979212473874298
2025-02-04 05:00:00,-0.17726055092124238,0.1914007,0.36866125768927827,0.36866125768927827,0.17726055092124238
2025-02-05 05:00:00,-0.11671597013023138,0.17435767,0.29107363769557715,0.29107363769557715,0.11671597013023138
2025-02-06 05:00:00,-0.050348881943813595,0.14970767,0.20005655692397717,0.20005655692397717,0.050348881943813595
2025-02-07 05:00:00,-0.01611274188968803,0.09167969,0.10779243415805961,0.10779243415805961,0.01611274188968803
2025-02-10 05:00:00,0.00959082995117111,0.08592406,0.07633322920143204,0.07633322920143204,0.00959082995117111
2025-02-11 05:00:00,0.09312153368657583,0.09279316,-0.00032837449973577293,0.00032837449973577293,0.09312153368657583
2025-02-12 05:00:00,0.05179830616326342,0.10820457,0.05640626722960462,0.05640626722960462,0.05179830616326342
2025-02-13 05:00:00,-0.05230821594403867,0.12613872,0.17844693288015012,0.17844693288015012,0.05230821594403867
2025-02-14 05:00:00,-0.07378375829338513,0.13548487,0.20926863254188977,0.20926863254188977,0.07378375829338513
2025-02-18 05:00:00,-0.15653507671273204,0.1438187,0.30035378298676463,0.30035378298676463,0.15653507671273204
2025-02-19 05:00:00,-0.21502266792928904,0.14736298,0.3623856451956007,0.3623856451956007,0.21502266792928904
2025-02-20 05:00:00,-0.2286964079606042,0.14555494,0.37425135283346034,0.37425135283346034,0.2286964079606042
2025-02-21 05:00:00,-0.1423495834366566,0.15013942,0.2924890046612507,0.2924890046612507,0.1423495834366566
2025-02-24 05:00:00,-0.14943708908241415,0.15219787,0.3016349567143264,0.3016349567143264,0.14943708908241415
2025-02-25 05:00:00,-0.10712333553147957,0.1586391,0.26576243870568916,0.26576243870568916,0.10712333553147957
2025-02-26 05:00:00,-0.04106554127111384,0.16910332,0.2101688656844134,0.2101688656844134,0.04106554127111384
2025-02-27 05:00:00,-0.06786615055763168,0.15417823,0.22204438251220626,0.22204438251220626,0.06786615055763168
2025-02-28 05:00:00,-0.10920584221543894,0.1508263,0.26003214736642466,0.26003214736642466,0.10920584221543894
2025-03-03 05:00:00,-0.24790753204774685,0.14829421,0.3962017424817068,0.3962017424817068,0.24790753204774685
2025-03-04 05:00:00,-0.16535126397208266,0.14852625,0.3138775152881532,0.3138775152881532,0.16535126397208266
2025-03-05 05:00:00,-0.11777859361471155,0.16235937,0.28013796539606073,0.28013796539606073,0.11777859361471155
2025-03-06 05:00:00,-0.09039542306978543,0.16577101,0.2561664306076272,0.2561664306076272,0.09039542306978543
2025-03-07 05:00:00,-0.04951764501387945,0.18932837,0.23884601749236456,0.23884601749236456,0.04951764501387945
2025-03-10 04:00:00,0.06895986460879744,0.18992004,0.12096017337605058,0.12096017337605058,0.06895986460879744
2025-03-11 04:00:00,-0.023120660864360154,0.21569869,0.23881935008669597,0.23881935008669597,0.023120660864360154
2025-03-12 04:00:00,-0.05055315754653211,0.24132785,0.29188100955725904,0.29188100955725904,0.05055315754653211
2025-03-13 04:00:00,-0.01853534965092507,0.21975729,0.23829263834530678,0.23829263834530678,0.01853534965092507
2025-03-14 04:00:00,-0.005093311487853747,0.22627512,0.2313684276930692,0.2313684276930692,0.005093311487853747
2025-03-17 04:00:00,0.15671039437735068,0.21228635,0.05557595873391641,0.05557595873391641,0.15671039437735068
2025-03-18 04:00:00,0.24596930308971388,0.22186506,-0.02410424514446241,0.02410424514446241,0.24596930308971388
2025-03-19 04:00:00,0.14278420998190988,0.23678264,0.09399843023682486,0.09399843023682486,0.14278420998190988
2025-03-20 04:00:00,0.14501501992582266,0.22076356,0.07574854418397958,0.07574854418397958,0.14501501992582266
2025-03-21 04:00:00,0.057955470900498796,0.23232797,0.17437249698165758,0.17437249698165758,0.057955470900498796
2025-03-24 04:00:00,-0.07157741518086969,0.22496894,0.29654635520047723,0.29654635520047723,0.07157741518086969
2025-03-25 04:00:00,-0.07074462874115728,0.1872744,0.2580190251606824,0.2580190251606824,0.07074462874115728
2025-03-26 04:00:00,0.03857589460804611,0.19235453,0.15377863548800796,0.15377863548800796,0.03857589460804611
2025-03-27 04:00:00,-0.02165109671432308,0.22166508,0.2433161810763531,0.2433161810763531,0.02165109671432308
2025-03-28 04:00:00,-0.09598198901771227,0.234404,0.3303859866773955,0.3303859866773955,0.09598198901771227
2025-03-31 04:00:00,-0.10516335964895962,0.2312094,0.3363727569649386,0.3363727569649386,0.10516335964895962
2025-04-01 04:00:00,-0.19065534016850538,0.22945765,0.42011298677685804,0.42011298677685804,0.19065534016850538
2025-04-02 04:00:00,-0.03806138077636945,0.23061001,0.2686713937844871,0.2686713937844871,0.03806138077636945
2025-04-03 04:00:00,-0.0572816869962276,0.25192156,0.30920325133681903,0.30920325133681903,0.0572816869962276
2025-04-04 04:00:00,0.05239741257427433,0.26895022,0.21655281134845517,0.21655281134845517,0.05239741257427433
2025-04-07 04:00:00,0.07853475090949225,0.25500444,0.17646968486817194,0.17646968486817194,0.07853475090949225
2025-04-08 04:00:00,0.13572069147689447,0.26476836,0.1290476705683936,0.1290476705683936,0.13572069147689447
2025-04-09 04:00:00,-0.11946063142870322,0.2639093,0.383369941531166,0.383369941531166,0.11946063142870322
2025-04-10 04:00:00,-0.044684100836208884,0.35511148,0.3997955805954252,0.3997955805954252,0.044684100836208884
2025-04-11 04:00:00,-0.10350824214906673,0.34717047,0.4506787142941473,0.4506787142941473,0.10350824214906673
2025-04-14 04:00:00,-0.05867241653704269,0.3562325,0.41490491065287216,0.41490491065287216,0.05867241653704269
2025-04-15 04:00:00,-0.01335067894278641,0.35633016,0.36968083526908035,0.36968083526908035,0.01335067894278641
2025-04-16 04:00:00,0.07171877150547346,0.35338917,0.28167040224063555,0.28167040224063555,0.07171877150547346
2025-04-17 04:00:00,0.1659827634712796,0.34851652,0.1825337603667636,0.1825337603667636,0.1659827634712796
2025-04-21 04:00:00,0.22842192104071035,0.3488752,0.12045327374726877,0.12045327374726877,0.22842192104071035
2025-04-22 04:00:00,0.2047119121009482,0.33603913,0.13132721381839385,0.13132721381839385,0.2047119121009482
2025-04-23 04:00:00,0.1180577313109481,0.33706087,0.2190031374291337,0.2190031374291337,0.1180577313109481
2025-04-24 04:00:00,0.07784970936460489,0.30804905,0.2301993435891152,0.2301993435891152,0.07784970936460489
2025-04-25 04:00:00,0.007899856637717306,0.30984494,0.3019450842630853,0.3019450842630853,0.007899856637717306
2025-04-28 04:00:00,-0.01985438084476776,0.2929658,0.3128201804148514,0.3128201804148514,0.01985438084476776
2025-04-29 04:00:00,-0.0588134946620027,0.24906355,0.30787704608793653,0.30787704608793653,0.0588134946620027
2025-04-30 04:00:00,-0.021276644837539216,0.19150773,0.21278437174526932,0.21278437174526932,0.021276644837539216
2025-05-01 04:00:00,0.015212443001979103,0.12972626,0.11451381789851833,0.11451381789851833,0.015212443001979103
2025-05-02 04:00:00,0.03775199631869253,0.100526325,0.06277432908595149,0.06277432908595149,0.03775199631869253
2025-05-05 04:00:00,0.1275278746764723,0.07416044,-0.053367432920223834,0.053367432920223834,0.1275278746764723
2025-05-06 04:00:00,0.19330753590535021,0.05048451,-0.1428230276293645,0.1428230276293645,0.19330753590535021
2025-05-07 04:00:00,0.23008484137304563,0.027700663,-0.2023841787601306,0.2023841787601306,0.23008484137304563
2025-05-08 04:00:00,0.18534812193699413,0.00029551983,-0.18505260210819774,0.18505260210819774,0.18534812193699413
2025-05-09 04:00:00,0.15991041930828143,-0.009434231,-0.16934464993391085,0.16934464993391085,0.15991041930828143
2025-05-12 04:00:00,0.07182819636885185,-0.014693171,-0.08652136715475578,0.08652136715475578,0.07182819636885185
2025-05-13 04:00:00,0.028767712135596035,-0.0020575672,-0.030825279374403713,0.030825279374403713,0.028767712135596035
2025-05-14 04:00:00,-0.038286950404737397,0.014323704,0.05261065434942047,0.05261065434942047,0.038286950404737397
2025-05-15 04:00:00,-0.005205751931092628,0.020914346,0.02612009791078318,0.02612009791078318,0.005205751931092628
2025-05-16 04:00:00,-0.03087349756196911,0.018004134,0.04887763185934002,0.04887763185934002,0.03087349756196911
2025-05-19 04:00:00,0.05902594877264278,0.023255162,-0.035770786831591295,0.035770786831591295,0.05902594877264278
2025-05-20 04:00:00,0.037337327478814686,0.053474434,0.01613710624129716,0.01613710624129716,0.037337327478814686
2025-05-21 04:00:00,0.06873781748324692,0.053976968,-0.014760849552453159,0.014760849552453159,0.06873781748324692
2025-05-22 04:00:00,0.015767549674841064,0.06314593,0.04737837841000925,0.04737837841000925,0.015767549674841064
2025-05-23 04:00:00,0.00982371171527241,0.0528846,0.043060889341303366,0.043060889341303366,0.00982371171527241
2025-05-27 04:00:00,-0.052673597082687706,0.05510184,0.10777543877084383,0.10777543877084383,0.052673597082687706
2025-05-28 04:00:00,-0.07217009017054998,0.035089023,0.10725911358182394,0.10725911358182394,0.07217009017054998
2025-05-29 04:00:00,-0.23029732535983882,0.04753632,0.2778336463442024,0.2778336463442024,0.23029732535983882
2025-05-30 04:00:00,-0.16031747751980951,0.044878222,0.20519569956809214,0.20519569956809214,0.16031747751980951
2025-06-02 04:00:00,-0.10484517003792515,0.04741407,0.15225924189585438,0.15225924189585438,0.10484517003792515
2025-06-03 04:00:00,-0.05425279566756025,0.04314392,0.09739671626797453,0.09739671626797453,0.05425279566756025
2025-06-04 04:00:00,-0.01707001503039507,0.023498856,0.04056887056161074,0.04056887056161074,0.01707001503039507
2025-06-05 04:00:00,0.11409978786683084,0.027194567,-0.08690522084212304,0.08690522084212304,0.11409978786683084
2025-06-06 04:00:00,0.09732869668908162,0.02743392,-0.06989477603740735,0.06989477603740735,0.09732869668908162
2025-06-09 04:00:00,0.06447173883274093,0.012645021,-0.05182671775177017,0.05182671775177017,0.06447173883274093
2025-06-10 04:00:00,-0.030324190768220127,0.032423873,0.06274806326887816,0.06274806326887816,0.030324190768220127
2025-06-11 04:00:00,-0.013508733104947268,0.025536813,0.03904554594683951,0.03904554594683951,0.013508733104947268
2025-06-12 04:00:00,0.009512502882916607,0.024836808,0.015324305560152851,0.015324305560152851,0.009512502882916607
2025-06-13 04:00:00,0.06937600878126471,0.032897957,-0.03647805211193411,0.03647805211193411,0.06937600878126471
2025-06-16 04:00:00,0.033874195233481785,0.040722337,0.006848141386610607,0.006848141386610607,0.033874195233481785
2025-06-17 04:00:00,0.034791463023750246,0.033130173,-0.0016612903836650261,0.0016612903836650261,0.034791463023750246
2025-06-18 04:00:00,0.011515528093692495,0.036150724,0.02463519560206251,0.02463519560206251,0.011515528093692495
2025-06-20 04:00:00,0.004552575110117196,0.039185397,0.03463282221682906,0.03463282221682906,0.004552575110117196
2025-06-23 04:00:00,-0.09317293520241332,0.03213619,0.12530912588506293,0.12530912588506293,0.09317293520241332
2025-06-24 04:00:00,-0.12418070280418902,0.024733573,0.1489142760025075,0.1489142760025075,0.12418070280418902
